postcode,sa2_maincode_2016
200,801051049
800,701011002
801,701011002
804,701011007
810,701021010
810,701021013
810,701021016
810,701021018
810,701021021
810,701021023
810,701021024
810,701021025
810,701021026
810,701021027
810,701021028
810,701021029
811,701021013
812,701021011
812,701021014
812,701021019
812,701021020
812,701021022
812,701021030
813,702021055
814,701021025
815,701021013
820,701011006
820,701011009
820,701021015
820,701021012
820,701011005
820,701011002
820,701011001
820,701021022
820,701011003
820,701011004
820,701011007
820,701011008
821,701011009
822,701031035
822,702041062
822,315011396
822,702031060
822,701031034
822,702031057
822,702031058
822,701021015
822,702031061
822,701011002
822,701021017
822,702041063
822,701031033
822,701031032
822,702051066
822,702031059
822,701011009
828,701021012
829,701041038
830,701041042
830,701041037
830,701041038
830,701041041
830,701041039
830,701041040
830,701031033
830,701041044
831,701041041
832,701041036
832,701041043
832,701041041
832,701031031
832,701041042
834,701031034
835,701031034
835,701031031
836,701031032
837,701031035
838,701031035
839,701031034
840,702031057
841,701031035
845,702031057
846,702031057
847,702031058
850,702051067
851,702051067
852,702051065
852,702051068
852,702051067
852,702021055
852,702051066
853,702051067
854,702051066
860,702021056
861,702021055
861,702021056
862,702021055
862,702051066
862,702021056
870,702011045
870,702011048
870,702011049
870,702011046
870,702011047
870,702011051
871,702011045
872,702011052
872,702021055
872,702011045
872,406021138
872,702011050
872,702011053
872,702011054
872,406021141
872,510021267
872,511031283
873,702011052
873,702011051
874,702011048
874,702011049
874,702011046
875,702011047
875,702011048
880,702041063
880,702041064
881,702041064
885,702041062
886,702031057
906,701011009
907,701011009
909,701021013
1001,117031337
1002,117031337
1003,117031337
1004,117031337
1005,117031337
1006,117031337
1007,117031337
1008,117031337
1009,117031337
1010,117031337
1020,117031337
1021,117031337
1022,117031337
1023,117031337
1025,117031337
1026,117031337
1027,117031337
1028,117031337
1029,117031337
1030,117031337
1031,117031337
1032,117031337
1033,117031337
1034,117031337
1035,117031337
1036,117031337
1037,117031337
1038,117031337
1039,117031337
1040,117031337
1041,117031337
1042,117031337
1043,117031337
1044,117031337
1045,117031337
1046,117031337
1100,117031337
1101,117031337
1105,117031337
1106,117031337
1107,117031337
1108,117031337
1109,117031337
1110,117031337
1112,117031337
1113,117031337
1114,117031337
1115,117031337
1116,117031337
1117,117031337
1118,117031337
1119,117031337
1120,117031337
1121,117031337
1122,117031337
1123,117031337
1124,117031337
1125,117031337
1126,117031337
1127,117031337
1128,117031337
1129,117031337
1130,117031337
1131,117031337
1132,117031337
1133,117031337
1134,117031337
1135,117031337
1136,117031337
1137,117031337
1138,117031337
1139,117031337
1140,117031337
1141,117031337
1142,117031337
1143,117031337
1144,117031337
1145,117031337
1146,117031337
1147,117031337
1148,117031337
1149,117031337
1150,117031337
1151,117031337
1152,117031337
1153,117031337
1154,117031337
1155,117031337
1156,117031337
1157,117031337
1158,117031337
1159,117031337
1160,117031337
1161,117031337
1162,117031337
1163,117031337
1164,117031337
1165,117031337
1166,117031337
1167,117031337
1168,117031337
1169,117031337
1170,117031337
1171,117031337
1172,117031337
1173,117031337
1174,117031337
1175,117031337
1176,117031337
1177,117031337
1178,117031337
1179,117031337
1180,117031337
1181,117031337
1182,117031337
1183,117031337
1184,117031337
1185,117031337
1186,117031337
1187,117031337
1188,117031337
1189,117031337
1190,117031337
1191,117031337
1192,117031337
1193,117031337
1194,117031337
1195,117031337
1196,117031337
1197,117031337
1198,117031337
1199,117031337
1201,117031337
1202,117031337
1203,117031337
1205,117031337
1207,117031337
1208,117031337
1209,117031337
1210,117031337
1211,117031337
1212,117031337
1213,117031337
1214,117031337
1215,117031337
1216,115011296
1217,115011296
1218,115011296
1219,115011296
1220,111011213
1221,117031337
1222,117031337
1223,117031337
1224,117031337
1225,117031337
1226,117031337
1227,117031337
1228,117031337
1229,117031337
1230,117031337
1231,117031337
1232,117031337
1233,117031337
1234,117031337
1235,117031337
1236,117031337
1237,117031337
1238,117031337
1239,117031337
1240,117031337
1291,117031337
1292,117031337
1293,117031337
1294,117031337
1295,117031337
1296,117031337
1297,117031337
1298,117031337
1299,117031337
1300,117031329
1314,117011320
1335,117031333
1340,117031333
1350,118011347
1355,118011341
1360,118011343
1401,101061542
1419,128021537
1420,117031336
1422,117031336
1423,117031336
1424,117031336
1425,117031336
1426,117031336
1427,117031336
1428,117031336
1429,117031336
1430,117031335
1435,117031330
1440,117031338
1441,117031338
1445,117011322
1450,117031332
1455,117011321
1460,117011322
1465,118021564
1466,118021564
1470,120011385
1475,117021326
1476,117021326
1480,119021364
1481,119031368
1484,119021364
1485,119041378
1490,128011530
1493,119031368
1495,128011602
1499,128021538
1515,121011399
1560,121011402
1565,121041417
1570,121011398
1585,121041414
1590,121011401
1595,121011400
1597,121011400
1602,121011400
1630,121021577
1635,121021577
1639,122031428
1640,122031428
1655,122011419
1658,122021423
1660,122021423
1670,126021501
1675,126021498
1680,126021591
1685,126021503
1700,125021477
1710,126011495
1715,126011496
1730,116011308
1740,125041492
1741,125041492
1750,125041489
1755,115011290
1765,115011555
1771,126011496
1781,116011308
1790,124051581
1800,120031390
1805,120031391
1811,125011473
1819,120031575
1825,125011586
1830,125031481
1831,125031481
1835,125011584
1851,127021519
1860,127021515
1871,127031598
1875,127031523
1885,119011572
1888,119011572
1890,123021440
1891,119011359
2000,117031337
2001,117031337
2002,117031337
2004,117031330
2004,117011320
2006,117031332
2007,117031334
2008,117031335
2008,117031332
2009,117031334
2010,117031329
2010,117031336
2011,117031333
2012,117031336
2013,117031336
2015,117031330
2015,117031338
2015,117031335
2016,117031335
2017,117031338
2018,117031338
2018,117011322
2019,117011320
2019,117011321
2020,117011322
2020,117011325
2021,118011342
2021,118011345
2022,118011341
2023,118011343
2024,118011339
2024,118011341
2025,118011347
2026,118011340
2026,118011339
2027,118011343
2027,117031333
2028,118011343
2029,118011346
2030,118011344
2030,118011346
2031,118021348
2031,118021569
2031,118021570
2032,117011323
2032,118021565
2033,118021564
2034,118021348
2035,118021567
2035,117011323
2036,118021350
2036,117011323
2036,117011324
2037,117031331
2038,120021388
2039,120021389
2040,120021388
2040,120021389
2041,120021387
2042,117021327
2042,117031332
2043,117031330
2044,117021328
2045,120031395
2046,120011386
2046,120011385
2047,120011385
2048,117021327
2048,120021388
2049,120031394
2049,117021327
2050,117031332
2052,118021564
2055,121041417
2057,121011398
2058,105011095
2059,121041417
2060,121041416
2060,121041414
2060,121041417
2061,121041416
2061,121041417
2062,121041413
2063,121011402
2064,121011398
2065,121041414
2065,121011400
2065,121011401
2066,121011400
2066,121011399
2067,121011398
2067,121011399
2068,121011402
2069,121011402
2069,121031408
2070,121031408
2071,121031407
2072,121031407
2073,121031409
2074,121031411
2074,121031412
2075,121031410
2076,121021406
2076,121031412
2077,121021403
2077,121021577
2077,121021579
2079,121021403
2080,121021403
2081,121021404
2082,115021298
2082,121021404
2083,102011030
2083,121021404
2084,122021421
2084,122031432
2085,122031428
2086,122031428
2087,122031427
2088,121041415
2089,121041416
2090,121041413
2091,121041415
2092,122011418
2093,122011418
2093,122031430
2094,122011419
2095,122011419
2096,122031429
2097,122031431
2099,122031425
2099,122031426
2099,122031424
2099,122031429
2100,122031430
2100,122031424
2100,122031429
2100,122031428
2101,122021421
2101,122031431
2101,122021423
2102,122021423
2103,122021423
2104,122021421
2105,122021421
2106,122021422
2107,122021420
2107,122021422
2108,122021421
2108,122021420
2109,126021500
2110,126021499
2111,126021499
2111,126021498
2112,126021497
2112,126021590
2112,126021591
2113,126021501
2113,126021500
2114,126021497
2114,126021503
2114,125021477
2115,125021477
2116,125021477
2117,125021477
2117,125021478
2118,125021476
2119,126011496
2120,126011496
2120,121021406
2121,126011495
2122,126021497
2122,126021500
2123,125041492
2124,125041492
2125,115011296
2126,115011558
2127,125011473
2128,125011473
2129,120031396
2130,120031395
2131,120031390
2132,120031391
2133,120031393
2134,120031391
2135,120031575
2136,120031393
2136,120031576
2137,120011383
2137,120011384
2138,120011384
2139,120011384
2140,120031396
2141,125011585
2141,125011586
2141,125011475
2142,125031483
2142,125041492
2142,125031481
2142,125031485
2143,119011361
2143,119011355
2143,125011587
2144,125011582
2145,125041493
2145,125041588
2145,125031482
2145,125041589
2146,125041493
2147,116011307
2147,116011308
2148,116031318
2148,116011303
2148,116011304
2148,116011308
2150,125041492
2151,125041489
2151,125041490
2152,125041491
2153,115011290
2153,115011291
2153,125041494
2154,115011555
2155,115041302
2155,115011559
2155,116021310
2156,115021297
2156,115011294
2157,115021297
2158,115021297
2159,115021298
2160,125031485
2160,125031484
2161,125031483
2161,125031484
2161,125031480
2161,125031487
2162,125031479
2163,125031480
2163,119011354
2163,125031479
2164,127021519
2164,127021521
2164,125031484
2165,127021515
2165,125031480
2165,127021516
2166,127021511
2166,127021512
2166,127021513
2167,123021442
2168,127011504
2168,127031599
2168,127011594
2168,127011595
2170,127031522
2170,127031523
2170,127031524
2170,127031598
2170,127031599
2170,127021512
2170,127031600
2170,127031601
2171,127011596
2171,127011593
2171,127011595
2171,127011597
2172,127031524
2173,127031524
2174,127031600
2174,123021440
2175,127021518
2176,127021510
2176,127021514
2176,127021517
2176,127021520
2177,127021509
2177,125011473
2178,127021518
2179,127011505
2179,127011506
2190,119011355
2190,119011357
2191,119021362
2192,119021362
2193,120031392
2194,119021363
2195,119021573
2195,119021574
2196,119021366
2196,119021367
2197,119011354
2198,119011354
2199,119011361
2200,119011572
2200,119011356
2200,119011571
2200,119011357
2203,120031394
2204,117021326
2205,119041375
2206,119021363
2206,119021364
2207,119041377
2207,119041375
2207,119041376
2208,119021364
2208,119041377
2209,119031370
2210,119031372
2210,119031373
2211,119011358
2212,119011360
2213,119011359
2214,119011359
2216,119041381
2216,119041380
2217,119041379
2217,119041378
2217,119041380
2217,119041382
2218,119041379
2219,119041382
2220,119031368
2220,119031371
2221,119031374
2222,119031369
2223,119031369
2224,128011531
2225,128021536
2226,128021536
2227,128011529
2228,128011530
2229,128011602
2229,128011603
2229,128011605
2229,128011531
2230,128011604
2230,128011606
2230,128021537
2231,128011604
2232,128021537
2232,128011529
2232,128021536
2232,128021538
2232,128021608
2232,128021535
2233,128021607
2233,128021533
2233,128021609
2233,128021608
2234,128021534
2234,128021535
2250,115031299
2250,102011030
2250,102011032
2250,102011031
2250,102011033
2250,102011036
2250,102011035
2250,102011037
2250,102011043
2251,102011028
2251,102011029
2251,102011038
2251,102011031
2251,102011034
2252,102011030
2256,102011042
2256,102011037
2256,102011040
2256,102011030
2257,102011040
2257,102011029
2258,102021051
2258,102021055
2259,102021049
2259,102021050
2259,102021052
2259,102021056
2259,102021048
2259,102021055
2259,111011212
2259,102021057
2259,111021218
2260,102011031
2260,102011041
2260,102011039
2261,102021044
2261,102021047
2261,102021053
2262,102021045
2262,102021046
2262,102021050
2263,102021054
2263,102021056
2263,102021048
2264,111021216
2264,111021218
2265,111021218
2267,111021220
2278,111021221
2280,111011206
2280,111011207
2280,111011213
2281,111011207
2281,111011212
2282,111011213
2282,111011214
2283,111021220
2283,111021219
2283,111021215
2284,111011209
2284,111011214
2284,111021215
2285,111021217
2285,111011209
2286,111021221
2287,111031231
2287,111031233
2287,111031226
2287,120031395
2289,111031222
2289,111011209
2289,111011208
2290,111011206
2290,111011208
2290,111011209
2290,111011210
2290,111011211
2291,111031228
2292,111031224
2293,111031235
2294,111031235
2295,111031232
2296,111031235
2297,111031235
2298,111031234
2299,111031231
2299,111031225
2299,111031234
2300,111031229
2302,111031224
2303,111031224
2304,111031230
2304,111031227
2304,111031231
2305,111031222
2305,111031225
2306,111011210
2307,111031231
2308,111031231
2309,121021404
2310,108011151
2311,106011110
2312,108011153
2314,106031125
2315,106031121
2315,106031119
2316,106031119
2316,106031121
2317,106031121
2318,106031125
2318,111031232
2319,106031120
2320,106021117
2320,106011107
2320,106021116
2320,106031123
2320,106021114
2321,106021118
2321,106031123
2321,106011110
2321,106011111
2321,106021114
2321,106011107
2321,106021117
2321,106021115
2321,106021116
2322,111031223
2322,106011109
2322,106021118
2322,106031122
2323,106021115
2323,106011109
2323,111021218
2324,106031123
2324,106031124
2324,108051170
2324,106031122
2324,106031125
2324,108011151
2324,106021118
2324,101061542
2325,106011108
2325,106011109
2325,106011107
2326,106011111
2326,106021117
2327,106011111
2328,106041127
2329,110041201
2329,106041129
2329,103031074
2330,106011113
2330,106011109
2330,106041127
2330,106011112
2330,103031075
2331,106011113
2331,106011112
2333,106041127
2333,106041129
2333,106011113
2333,106041126
2334,106011107
2335,106011107
2335,106011113
2336,106041129
2337,106041129
2337,106041128
2338,110041201
2338,106041129
2339,110041201
2340,110041205
2340,110041202
2340,110041200
2340,110041203
2340,110041204
2341,110041201
2342,110041201
2342,110041200
2343,110041201
2344,110041205
2345,110041205
2346,110041205
2347,110041205
2347,110021193
2348,105011095
2350,110011187
2350,110011188
2350,110011186
2351,110011186
2352,110041205
2353,110041205
2354,110011189
2354,110011188
2355,110041205
2356,110031198
2357,105031099
2358,110011188
2359,110011188
2359,110021193
2360,110021193
2360,110021192
2360,110021191
2361,110021192
2365,110011187
2365,110021192
2365,110021190
2369,110021192
2370,110021190
2370,110021192
2370,110011187
2370,104011081
2371,110021190
2371,110021192
2371,110021194
2372,110021194
2379,105031099
2379,110041200
2380,110041200
2380,110041199
2381,110041200
2381,105031099
2382,110041200
2382,110031198
2386,105011096
2386,110031198
2387,110031198
2387,105011096
2388,110031198
2390,110031198
2390,110021193
2390,110031196
2390,110031197
2395,105031099
2396,105031099
2397,110031198
2398,110031196
2399,110031196
2399,115011553
2400,110031196
2400,110031195
2401,110021193
2402,110021193
2403,110021193
2404,110021193
2405,110031196
2406,307011171
2408,110021193
2408,110031196
2409,110031196
2410,110021192
2411,110031196
2415,108011151
2420,106011110
2421,106011110
2421,110021193
2422,108051167
2422,108051170
2422,108011151
2423,108011151
2423,108011153
2423,108051170
2424,108051170
2424,108051167
2424,110021194
2425,108011151
2426,108051170
2427,108051170
2428,108011153
2428,108011152
2428,108011154
2429,108051170
2429,108041165
2429,108051171
2430,108051168
2430,108051170
2430,108051169
2430,108011153
2430,403041080
2431,108021160
2439,108041162
2440,108021155
2440,108021156
2440,110011187
2441,108021159
2441,108041165
2441,108021156
2441,104021089
2441,104021083
2442,108021155
2442,108041163
2443,108041162
2443,108051170
2444,108041165
2444,108041164
2444,108041163
2445,108041162
2446,108041165
2446,108041166
2447,108021159
2447,108021157
2448,108021158
2448,108021159
2449,108021159
2449,104021083
2450,104021089
2450,104021087
2450,104021086
2450,104021085
2450,104021084
2450,104011081
2450,104021088
2452,104021089
2453,104021087
2453,110011187
2453,112011237
2453,104021083
2454,104021083
2454,104021089
2454,104021090
2455,104021083
2455,104021090
2456,104021091
2456,104021088
2460,104011080
2460,104011081
2460,104021091
2462,104011081
2463,104011081
2463,104011082
2464,104011082
2465,104011082
2466,104011082
2469,104011081
2469,112021245
2469,110021194
2469,112011241
2469,104011082
2470,104011081
2470,112021247
2470,112021245
2470,112021244
2471,112021245
2471,112021249
2471,112011241
2472,112021249
2472,112011241
2473,112011241
2474,112021247
2475,110021194
2475,112021245
2476,110021194
2476,112021247
2477,112011237
2478,112011236
2478,112011237
2478,112011242
2479,112011238
2479,112011237
2480,112021247
2480,112021249
2480,112021246
2480,112021245
2480,112021248
2480,112011238
2480,103041076
2480,112011243
2481,112011240
2481,112011238
2481,112011243
2481,112011239
2482,112011243
2483,112011243
2483,112011239
2483,112031253
2484,112031252
2484,106031119
2484,112031251
2484,112031253
2484,112031254
2485,112031254
2486,112031550
2486,112031254
2486,112031551
2486,112031552
2487,112031250
2487,112031253
2487,112031252
2488,112031253
2489,112031253
2490,112031551
2490,112031252
2500,107041549
2500,107041146
2500,107041548
2500,107011133
2502,107011545
2502,107011547
2502,107011546
2505,107011546
2505,107011133
2506,107011545
2508,107041148
2508,107041147
2515,107041148
2516,107041150
2516,107041148
2517,107041150
2518,107041145
2518,107041144
2519,107041144
2520,107041548
2522,107041146
2525,107041146
2526,107011134
2526,107011132
2527,107031136
2527,107031137
2527,107031141
2528,107031143
2528,107031141
2528,107011547
2529,107031142
2529,107031141
2530,107011131
2530,107011132
2533,107031139
2533,107031140
2533,107031138
2534,107031140
2535,114011272
2535,107031140
2536,101041018
2536,101041017
2536,101041024
2537,101041026
2537,101041021
2537,101041022
2537,101041024
2538,114011283
2538,114011282
2538,114011275
2539,114011283
2539,114011282
2539,101041024
2539,114011275
2540,114011281
2540,114011279
2540,114011273
2540,114011280
2540,114011277
2540,114011275
2540,114011272
2540,114011278
2540,114011274
2540,901031003
2540,114011276
2540,114011283
2541,114011277
2541,114011278
2545,101041022
2545,101041024
2545,101041020
2546,101041027
2546,101041020
2546,101041022
2548,101041025
2548,101041020
2549,101041025
2549,101041020
2550,101041020
2550,101041019
2550,101041025
2550,101041022
2551,101041023
2551,101041020
2555,127011592
2556,127011506
2557,127011506
2557,127011505
2558,123021438
2559,123021438
2560,123021436
2560,123021444
2560,123031446
2560,123021437
2560,107021135
2560,123021441
2563,123021444
2564,123021442
2565,123021440
2566,123021443
2566,123021441
2566,123021438
2567,123011435
2567,123011434
2568,123031446
2569,123031446
2570,123031448
2570,123011433
2570,127011506
2570,123011434
2570,123011435
2571,114021285
2571,123031447
2571,123031446
2572,123031447
2573,123031447
2574,107021135
2574,123031445
2575,114021285
2575,114021286
2575,101051540
2575,114021289
2575,107021135
2576,114021284
2576,114021288
2577,114021288
2577,107031140
2577,114011272
2577,114021289
2577,114021287
2577,107031136
2578,114021289
2579,101051540
2579,114021289
2580,101051540
2580,101051539
2580,103011061
2580,101021007
2580,101021011
2581,101061542
2581,101051540
2581,101021011
2582,101061541
2582,101061542
2583,101051540
2583,101061544
2584,101061542
2585,101061544
2586,101061544
2586,101061542
2587,101061544
2587,101061543
2588,113031263
2590,113031265
2590,113031263
2594,101061544
2594,101061543
2600,801061129
2600,801061070
2600,801061068
2600,801061062
2600,801051125
2600,801031114
2600,801031113
2600,801051128
2601,801051049
2601,801051053
2602,801051050
2602,801051054
2602,801051055
2602,801051056
2602,801051057
2602,801051058
2602,801051061
2603,801061063
2603,801061064
2603,801061069
2604,801061131
2604,801061067
2605,801091100
2605,801091102
2605,801091103
2606,801091099
2606,801091105
2606,801091107
2606,801091109
2607,801091101
2607,801091104
2607,801091106
2607,801091108
2607,801091110
2608,801051053
2609,801031114
2609,801061130
2609,801031115
2609,801031113
2610,801051053
2611,113021262
2611,801081091
2611,801101135
2611,801101136
2611,801081092
2611,801081093
2611,801081094
2611,801111140
2611,801111141
2611,801081095
2611,801081096
2611,101061542
2611,801081097
2611,801081098
2611,801101139
2612,801051051
2612,801051127
2612,801051060
2614,801011001
2614,801011005
2614,801011013
2614,801011020
2614,801011023
2614,801011024
2614,801011026
2615,801011004
2615,801011006
2615,801011008
2615,801011009
2615,801011010
2615,801011014
2615,801011015
2615,801011017
2615,801011019
2615,801011022
2615,801011025
2615,801011112
2616,801011017
2617,801011018
2617,801011002
2617,801011003
2617,801011007
2617,801011011
2617,801011016
2617,801011021
2618,801041043
2618,101061542
2619,101021012
2620,801031113
2620,101021011
2620,101021009
2620,101021010
2620,101061542
2620,801031031
2620,101021008
2620,801031032
2620,101021012
2620,801111140
2620,801111141
2621,101021011
2622,101021007
2622,114011275
2622,101021011
2622,101041024
2622,101041022
2623,101021011
2624,101031016
2625,101031016
2626,101031015
2627,101031016
2627,101031015
2627,113021260
2628,101031016
2628,101031013
2629,101031015
2629,113021262
2630,101031015
2630,101031016
2630,101031013
2630,101031014
2630,113021262
2631,101031013
2631,101031015
2632,101031013
2632,101041020
2633,101031013
2640,109011174
2640,109011175
2640,109011172
2640,109011173
2640,109011176
2640,113021260
2641,109011173
2641,109011176
2642,113031271
2642,109011175
2642,113021260
2642,109031181
2643,109031181
2644,109011175
2645,109031181
2645,113031271
2646,109031181
2646,109031180
2646,109031185
2647,109031181
2648,109021179
2648,109021178
2648,105021098
2649,113021262
2649,113021260
2650,113031271
2650,113031270
2650,113031268
2650,113031269
2650,109011175
2650,113031267
2650,113031265
2650,113021260
2651,113031271
2652,113011257
2652,113011259
2652,113031271
2652,113031267
2652,113031265
2652,113021260
2653,113021260
2655,113031271
2656,113031271
2658,113031271
2658,109011175
2659,109011175
2660,109011175
2661,113031270
2663,109031185
2663,113031264
2663,113031271
2663,113031265
2665,113031266
2665,113011259
2665,103021069
2665,113011257
2666,113031266
2666,113031265
2668,103021069
2669,103021062
2669,113011257
2669,103021069
2671,103021069
2671,103021062
2672,103021062
2672,105011093
2675,113011257
2678,113031268
2680,113011257
2680,113011256
2681,113011257
2700,113011259
2700,109031185
2701,113031271
2702,113031271
2703,113011258
2705,113011259
2705,113011257
2705,113011258
2706,113011257
2707,109031185
2707,113011257
2708,109011174
2708,109031183
2710,109031183
2710,109031184
2710,109031182
2711,109021177
2711,113011257
2711,109021179
2711,109031183
2712,109031185
2713,109031183
2713,109031185
2714,109031183
2714,109031185
2715,109021179
2716,109031183
2716,113011257
2716,109031185
2717,109021178
2720,113021262
2720,113021261
2721,103021069
2722,113031263
2722,113031264
2722,113021262
2725,113031263
2726,101061542
2726,101061544
2727,113031264
2729,113021262
2729,110021194
2729,113031264
2730,113021262
2731,109031183
2731,109031184
2732,109031183
2733,109031183
2733,109021179
2734,109031183
2734,109021179
2735,109031183
2736,109021179
2737,109021179
2738,109021178
2738,109021179
2739,109021178
2745,124031460
2745,127011505
2745,127011592
2745,124031463
2747,124031462
2747,124031457
2747,124031458
2747,116021312
2748,124031463
2749,124031458
2750,124031459
2750,124031461
2750,124031464
2751,124031464
2752,124031465
2753,124041466
2753,115031300
2753,124041468
2754,124041466
2754,115031300
2756,124041467
2756,115021297
2756,115031299
2756,124041466
2756,115031300
2756,115041301
2757,115031300
2758,115031299
2758,115031300
2758,124011451
2759,124051469
2759,124051470
2760,124051580
2760,124051581
2760,116031316
2761,116021312
2761,116031314
2761,116031315
2762,116021312
2763,116021562
2763,116021563
2765,124041468
2765,115041302
2765,115041301
2765,116021312
2766,116031318
2766,116031319
2767,116031319
2767,116011306
2768,116021309
2768,116021310
2769,116021312
2770,116031313
2770,116031316
2770,116031319
2770,116031317
2773,124011450
2774,124011450
2775,115031299
2775,102011030
2775,115021298
2775,115021297
2776,124011454
2777,124011454
2778,124011453
2779,124011453
2780,124011452
2782,124011455
2783,124011453
2784,124011453
2785,124011449
2786,124011449
2786,103031071
2786,115031299
2787,103011061
2787,124021456
2787,103031071
2790,103031071
2790,103031070
2790,103011061
2790,103031075
2791,103041076
2792,103041076
2793,103021064
2794,103021064
2794,103021063
2794,101061544
2795,103011058
2795,101051540
2795,103011060
2795,103011061
2795,103031071
2795,103011059
2795,103041076
2795,103031074
2795,103031073
2797,103041076
2798,103041076
2798,103041079
2799,103041076
2799,103011060
2800,103041078
2800,103041079
2800,103041077
2800,103021064
2800,103041076
2803,101061544
2804,103021064
2805,103021064
2806,103021065
2807,103021064
2808,101061544
2809,103021066
2810,103021066
2817,105031104
2818,105031103
2818,105031106
2820,105031106
2820,105031103
2821,105031105
2822,105031104
2822,105031103
2823,105031105
2824,105011095
2824,105011094
2825,105011095
2826,105011095
2827,105031104
2828,105031104
2828,105011094
2828,105031099
2829,105011094
2829,105031099
2830,105031103
2830,105031100
2830,105031101
2830,105031102
2830,105031104
2831,105031104
2831,105011095
2831,105011094
2831,105011092
2831,105011096
2831,105031103
2831,105031106
2831,105031099
2831,105011093
2832,105011096
2832,110031198
2833,105011096
2834,105011096
2835,105011093
2836,105021098
2838,105011096
2839,105011092
2840,105011092
2840,105011093
2840,105021098
2842,105031099
2843,105031099
2844,103031074
2845,103031075
2845,103031071
2846,103031071
2846,202011022
2847,103031071
2848,103031073
2849,103031071
2849,103031073
2849,103031075
2850,103031073
2850,103031074
2850,105031106
2850,103031072
2850,103011060
2852,103031074
2864,103041079
2864,103021065
2865,103041079
2866,103041079
2866,105031106
2867,103041079
2867,105031106
2868,105031106
2868,105031103
2869,103021068
2869,105031105
2870,103021068
2870,103041079
2870,103021065
2870,103021067
2871,103021065
2871,103021062
2873,103021062
2873,105011095
2874,103021062
2875,103021068
2875,103021062
2876,103021068
2876,103021065
2877,105011095
2877,103021062
2877,105011093
2878,105021098
2879,105021098
2880,105021097
2880,105021098
2880,315031411
2890,105011095
2891,117031337
2898,108031161
2899,901041004
2900,801071080
2901,801071080
2902,801071082
2903,801071090
2903,801071086
2904,801071076
2904,801071079
2904,801071083
2904,801071084
2905,801071072
2905,801071073
2905,801071074
2905,801071077
2905,801071081
2905,801071087
2905,801071088
2906,801071071
2906,801071075
2906,801071078
2911,801041037
2911,801041045
2912,801041040
2913,801041036
2913,801041039
2913,801041046
2913,801041047
2913,801041048
2914,801041034
2914,801041035
2914,801041038
2914,801041044
2914,801041118
2914,801041120
2914,801041122
3000,206041122
3001,206041122
3002,206041119
3003,206041127
3004,206041126
3004,206041125
3005,206041118
3006,206041126
3006,206051132
3008,206041118
3010,206041124
3011,213031348
3011,213031350
3012,213011338
3012,213031350
3012,213031347
3012,213031351
3013,213031352
3015,213021344
3016,213021346
3018,213021341
3019,213031347
3020,213011328
3020,213011338
3020,213011336
3020,213011337
3021,213011333
3021,213011332
3021,213011334
3022,213011328
3023,213041461
3023,213041462
3023,213011329
3023,213041463
3023,213011330
3023,213041359
3024,213041359
3024,213051468
3024,213051369
3024,213051365
3025,213021343
3026,213011330
3026,213051363
3027,213051363
3027,213051464
3028,213021342
3028,213051363
3028,213021345
3029,213051361
3029,213051365
3029,213051366
3030,213011330
3030,213051368
3030,213051466
3030,213051369
3031,206031115
3031,206041121
3032,206031113
3032,213031349
3032,206031115
3033,210011228
3034,210011229
3036,210011228
3036,213011340
3037,213011340
3037,213011331
3037,213041355
3037,213011339
3037,213041360
3038,213011332
3038,213011340
3039,206031116
3040,206031114
3040,210011230
3041,210011227
3041,206031114
3041,210011231
3042,210011226
3042,210011228
3042,210011230
3043,210051245
3043,210031439
3043,210051250
3044,210031239
3044,206011109
3045,210051248
3046,210031438
3046,210031440
3046,210031239
3047,210051242
3047,210051243
3048,210051243
3048,210051247
3049,210051245
3050,206041124
3051,206041123
3052,206041124
3053,206041117
3054,206071140
3055,206011105
3055,206011107
3056,206011105
3057,206011106
3058,206011108
3058,210031236
3059,210051246
3060,210031237
3061,210051243
3062,210051249
3063,210051246
3063,210051445
3064,210051441
3064,209041225
3064,210051445
3064,210051249
3065,206071142
3066,206071141
3067,206071139
3068,206071145
3068,206071143
3070,206021111
3071,206021112
3072,209021429
3072,209021428
3073,209041223
3073,209021207
3074,209041223
3075,209041219
3076,209041433
3078,206021110
3079,209011200
3079,209011201
3081,209011199
3082,209041220
3083,209041217
3083,209021205
3084,209011198
3084,209011201
3084,209011203
3085,209021205
3085,209011203
3086,209021205
3087,209011204
3088,209011202
3088,209011197
3089,209031215
3090,209031213
3091,209031213
3093,209011202
3094,209011202
3095,209031209
3095,209031214
3096,209031215
3097,209031212
3097,209031214
3099,209031212
3099,209031210
3101,207011153
3102,207011154
3103,207011147
3103,207011154
3104,207011148
3105,207021156
3106,207021159
3107,207021160
3108,207021157
3109,207021425
3109,207021424
3111,211021261
3113,209031214
3113,211021262
3114,211021261
3115,211021262
3116,211051275
3121,206071144
3122,207011152
3122,207011151
3123,207011151
3123,207011152
3124,207011149
3124,207011152
3125,207031165
3125,207011155
3126,207011155
3127,207031167
3127,207011155
3128,207031163
3128,207031165
3129,207031164
3130,207031161
3130,207031162
3131,211041269
3131,211041271
3132,211041270
3132,211021261
3133,211041272
3133,211041273
3134,211031267
3134,211031266
3134,211031268
3134,211021262
3134,211031265
3135,211031267
3136,211031451
3136,211031265
3136,211031452
3137,211051277
3137,211031263
3138,211051281
3139,211051286
3139,211051285
3140,211051278
3141,206061137
3141,206041125
3142,206061137
3142,206061138
3143,206061135
3144,208041194
3145,208021177
3145,208041195
3145,208041194
3146,208041194
3147,207011146
3147,212051319
3148,212051319
3148,208041195
3148,212051323
3149,212051324
3149,212051322
3150,212051327
3150,212051321
3151,207031166
3152,211011260
3152,211011259
3153,211011251
3153,211031263
3154,211011449
3155,211011446
3156,211011447
3156,211011255
3156,212021453
3156,211011448
3158,211051284
3159,211051274
3160,211051274
3160,211051284
3161,208021177
3162,208021178
3162,208021179
3163,208021178
3163,208021176
3163,208021182
3163,208021181
3164,212041311
3165,208021426
3166,208021180
3166,212051326
3167,212051326
3168,212051320
3169,212041309
3169,212041310
3170,212051325
3171,212041317
3172,212041313
3172,212041318
3173,212041314
3174,212041460
3174,212041459
3175,212041314
3175,212041311
3175,212041312
3176,211011254
3177,212021295
3178,211011256
3179,211011254
3180,211011254
3181,206061136
3182,206051133
3183,206051134
3184,206051129
3185,208021179
3185,206051134
3186,208011169
3187,208011170
3187,208021178
3188,208011172
3189,208031191
3190,208011171
3191,208011173
3192,208031188
3193,208011168
3193,208011173
3194,208031190
3194,208031192
3195,208031189
3195,208031183
3195,208031184
3195,208031193
3196,208031186
3196,208031187
3196,208031189
3197,208031185
3198,214011375
3199,214011371
3199,214011373
3199,214011372
3200,214011372
3201,214011370
3202,208031191
3204,208021174
3204,208021182
3205,206051132
3206,206051128
3207,206051130
3207,206051131
3211,203021043
3212,203021043
3213,203021043
3213,203021047
3213,203021038
3214,203021038
3215,203021047
3215,203021040
3216,203021037
3216,203021042
3216,203021041
3217,203031050
3217,203021041
3217,207031165
3217,203011036
3217,203031053
3218,203021040
3218,203011034
3219,203021039
3219,203021045
3220,203021046
3220,203021039
3221,203011036
3221,203021047
3221,203031051
3221,203021042
3221,203021040
3221,203021039
3221,217031476
3221,203021045
3221,203021038
3221,203021043
3221,203011034
3221,203031050
3222,203031048
3222,203031052
3222,203031050
3223,203031051
3224,203021044
3224,203021045
3225,203031052
3226,203031050
3227,203031050
3228,203031053
3230,203031049
3231,203031049
3232,203031049
3233,217031476
3234,217031476
3235,203031049
3235,203011036
3236,217031476
3237,217031476
3237,217031475
3238,217031476
3239,217031476
3239,217031475
3240,203011036
3241,203011036
3241,217031473
3241,203031049
3242,217031473
3243,217031473
3249,217031473
3249,217031476
3249,217031475
3249,217031472
3250,217031472
3251,217031473
3254,217031473
3260,217031474
3260,217031475
3260,217031473
3260,217031471
3264,217031474
3265,217031474
3265,217041477
3265,217031475
3266,217031475
3266,217031474
3267,217031475
3268,217031475
3268,217041477
3269,217031475
3270,217031475
3271,217041477
3271,215011387
3272,217041477
3273,217041477
3274,217041477
3275,217041478
3276,217041477
3277,217041480
3277,217041477
3278,217041477
3279,217041477
3280,217041479
3280,217041477
3281,217041479
3281,217041477
3282,217041478
3283,217041478
3284,217041478
3285,217041478
3285,217011420
3286,217011420
3286,217041478
3287,217041478
3289,217011423
3289,217041478
3289,217041477
3292,217011420
3293,217011423
3293,217041477
3293,215011387
3294,217011423
3300,217011423
3300,217011421
3301,217011423
3301,217041478
3301,217011420
3302,217011423
3302,217011420
3303,217011420
3304,217041478
3304,217011420
3305,217011420
3305,217011422
3309,217011420
3310,217011420
3311,217011420
3312,217011420
3312,217011423
3312,215011393
3314,217011423
3315,217011423
3315,217011420
3317,215011393
3318,215011393
3319,215011393
3321,203011035
3321,217031473
3322,217031473
3323,217031474
3324,217031474
3325,217031474
3328,203011035
3329,203011035
3329,217031473
3330,203011035
3331,203011034
3331,203011035
3332,203011035
3333,203011035
3334,201021012
3335,213041355
3335,213041359
3336,213041359
3337,213041358
3337,213041356
3338,213041357
3340,213041353
3340,203021043
3340,201021009
3341,201021009
3341,213041353
3342,201021009
3342,201021012
3342,203011035
3345,201021012
3350,201011001
3350,201011002
3350,201011003
3350,201011004
3350,201011005
3351,201031015
3351,201031014
3351,201011007
3351,215011387
3351,203011035
3351,201011006
3352,201021010
3352,201011002
3352,201021012
3352,201011006
3352,201031014
3352,201011007
3352,201011001
3352,201011003
3352,203011035
3352,201031015
3352,201031013
3352,201011005
3352,201011008
3353,201011002
3354,201011002
3355,201011002
3355,201011008
3356,201011006
3356,201011004
3357,201011005
3357,203011035
3358,210021235
3360,201031015
3360,217031474
3361,217031474
3361,201031014
3363,201021010
3363,201021011
3364,201021010
3364,201021012
3364,201021011
3364,202021028
3370,201021010
3370,201031017
3371,201031017
3371,201031013
3371,201021010
3373,201031014
3373,215011387
3374,215011392
3375,215011387
3375,201031014
3377,201031013
3377,215011386
3377,215011387
3377,215011392
3377,201031014
3378,215011387
3379,101041025
3379,215011387
3379,217041477
3380,215011392
3380,215011391
3381,201031013
3381,215011392
3381,215011391
3381,215011387
3381,215011394
3384,201031013
3384,215011392
3384,215011391
3385,215011389
3385,215011392
3385,215011394
3387,215011391
3387,215011392
3388,215011391
3388,215011394
3390,215011394
3391,215011394
3392,215011394
3393,215011394
3395,215011394
3395,215011390
3395,215031400
3396,215011394
3399,215011389
3400,215011389
3400,215011388
3401,215011389
3401,217011423
3401,215011388
3401,215011393
3401,215011394
3401,215011392
3402,215011388
3407,217011423
3409,215011389
3409,215011393
3412,215011393
3413,215011393
3414,215011390
3415,215011390
3415,114021288
3418,215011390
3419,215011390
3420,215011390
3423,215011390
3424,215011390
3424,215011394
3427,210041241
3428,210051246
3429,210041241
3429,210041240
3430,210021235
3431,210021234
3432,210021235
3433,210021235
3434,210021234
3434,210021235
3435,210021235
3435,204011060
3437,210021232
3438,210021232
3440,210021233
3441,210021233
3442,202021031
3442,202021030
3442,210021235
3444,202021028
3444,202021030
3444,204011060
3444,202021026
3444,202021029
3444,201021011
3446,202021028
3446,202021030
3447,202021028
3448,202021028
3450,202021027
3451,202021028
3451,202021027
3453,202021028
3453,202021026
3458,201021009
3458,202021030
3458,201021011
3458,202021031
3460,201021011
3461,201021011
3461,201021012
3461,202021028
3462,202021028
3463,202021028
3463,202031033
3463,202021026
3464,201031017
3465,201031017
3465,201031013
3465,201031016
3467,201031013
3468,201031013
3468,201031014
3469,201031013
3469,201031014
3472,201031017
3472,202031033
3475,201031017
3475,202031033
3475,215011391
3477,215011391
3477,215031400
3477,201031013
3478,215011391
3478,202031033
3478,215031400
3478,201031013
3478,215011392
3480,215011394
3480,215031400
3480,215011391
3482,215031400
3483,215031400
3485,215031400
3485,215011394
3487,215011394
3488,215011394
3488,215031400
3489,215011394
3490,215021398
3491,215021398
3494,215021398
3496,215021399
3496,215021398
3498,215021395
3500,215021470
3500,215021469
3500,109021179
3501,215021398
3501,215021470
3501,215021395
3502,215021470
3505,215021396
3505,215021398
3506,215021398
3507,215021398
3509,215021398
3512,215021398
3515,202021026
3516,202031033
3516,202021026
3517,202031033
3518,202031033
3518,215031400
3520,202031033
3521,204011060
3522,204011060
3523,202021029
3523,204011060
3523,204011058
3525,215031400
3525,202031033
3527,215031400
3527,215031401
3529,215031400
3530,215031400
3531,215031400
3533,215031400
3533,215021398
3537,202031033
3540,215031401
3542,215031400
3542,215031401
3544,215031405
3544,215031400
3546,215031405
3549,215031405
3549,215031403
3550,202011018
3550,202011021
3550,202021026
3550,202011020
3550,202011019
3550,202011025
3551,202031033
3551,202011025
3551,202021026
3551,202021029
3551,202031032
3551,202011018
3551,216011410
3551,202011024
3551,202011023
3551,123021443
3551,201031017
3552,202011018
3554,202011018
3555,202011022
3556,202011019
3556,202031032
3556,202011025
3557,202031032
3557,216011410
3558,216011410
3558,202011025
3558,202031032
3559,202031032
3559,216011410
3561,216011409
3561,216011408
3561,216011407
3562,216011408
3563,216011408
3564,216011408
3564,216011406
3564,216011407
3565,216011408
3566,216011408
3567,215031401
3568,215031401
3570,202031033
3570,202031032
3571,202031033
3571,202031032
3572,216011408
3572,202031033
3573,202031033
3573,216011408
3575,202031033
3576,202031033
3579,215031401
3579,215031402
3580,215031401
3581,215031401
3583,215031405
3584,215031405
3585,215031405
3585,215031404
3586,215031405
3586,109031183
3588,215031405
3589,215031405
3590,215031405
3591,215031405
3594,215031405
3595,215031405
3596,215031405
3597,215031405
3599,215031405
3607,204011058
3608,204011058
3610,216031419
3612,216011410
3612,204011058
3614,216031419
3616,216031419
3617,216031419
3618,216031419
3619,216011407
3620,216011407
3620,216031419
3621,216011407
3622,216011406
3622,216011407
3622,216011409
3623,216011410
3623,216031419
3624,216011410
3629,216031419
3629,216031415
3630,216031418
3630,216031416
3630,216031417
3631,216031418
3631,204011055
3631,216031416
3631,216031417
3632,216031417
3633,216031418
3634,216031418
3634,216021413
3635,216021413
3636,216021413
3637,216021413
3638,216021413
3639,216021413
3640,216021413
3641,216021413
3643,216021411
3644,109031185
3644,216021411
3644,216021413
3646,216031418
3646,204011055
3646,216021412
3647,216031418
3649,216021412
3658,204011056
3658,209041224
3658,204011062
3658,204011060
3659,204011060
3660,204011062
3660,204011060
3660,204011059
3661,204011059
3662,204011060
3663,204011058
3664,204011058
3665,204011058
3665,204011055
3666,204011055
3666,204011060
3669,204011055
3669,216031418
3670,204021064
3671,204021063
3672,204021063
3673,204021063
3673,204021064
3673,204011055
3675,216021412
3675,204021067
3675,204021064
3676,204021066
3677,204021066
3678,204021067
3678,204021066
3682,204021067
3682,204021065
3683,204031070
3685,204021067
3685,204021065
3685,204031070
3687,204021065
3688,204031070
3688,204031073
3689,204031074
3690,204031073
3690,204031074
3691,204031075
3691,204031074
3691,204031073
3691,204031072
3691,204031069
3691,109011172
3694,204031074
3695,204031075
3697,204031069
3698,204031069
3699,204031069
3699,205021082
3700,204031072
3701,204031072
3701,310021281
3704,204031072
3705,204031072
3707,204031072
3707,113021260
3708,204031072
3709,204031072
3711,204011054
3712,204011054
3713,204011054
3713,204011057
3714,204011054
3715,204011057
3717,204011062
3718,204011062
3719,204011054
3720,204011057
3722,204011057
3723,204021067
3723,204011057
3723,204011061
3724,204011057
3725,204021064
3726,204021064
3727,216021412
3728,216021412
3730,216021412
3730,216021414
3732,204021067
3733,204021067
3735,204021067
3736,204031071
3737,204031069
3737,204031071
3738,204031071
3739,204031071
3740,204031069
3741,204031069
3744,204031069
3746,204021067
3747,204031068
3747,204021067
3749,204031075
3750,209041437
3751,209041225
3752,209041436
3753,209041224
3754,209031212
3754,209041434
3755,209041225
3756,210021235
3756,209041224
3757,209041225
3757,209031211
3758,209041224
3759,209031212
3760,209031212
3761,209031212
3762,209041224
3763,209031211
3763,211051276
3764,204011056
3764,204011060
3764,210021235
3765,211051280
3766,211051282
3767,211051282
3770,211051278
3770,211051285
3775,209031212
3775,211051276
3777,211051276
3777,209031211
3778,211051276
3778,204011054
3779,204011061
3779,204011054
3781,212011289
3782,212011289
3782,211051279
3783,212011289
3785,211051282
3786,211051282
3787,211051282
3788,211051282
3789,211051282
3791,211051282
3792,211051282
3793,211051279
3795,211051279
3796,211051283
3797,211051286
3799,211051286
3799,204011061
3800,212051320
3802,212021454
3803,212021297
3804,211051274
3804,212021299
3805,212021456
3805,212031457
3806,212021293
3806,212021299
3807,212011287
3808,212011289
3809,212011287
3809,212011290
3810,212011292
3810,212011290
3810,212011289
3812,212011288
3813,212011288
3814,212011288
3815,212011288
3816,205011076
3818,205011076
3818,205011079
3818,205011077
3820,205011079
3821,205011079
3821,205011077
3821,205011078
3822,205011079
3823,205011078
3824,205011078
3825,205011077
3825,205011078
3825,205041095
3825,205051101
3825,205041098
3831,205011077
3832,205011077
3833,205011077
3835,205011078
3840,205041094
3840,205041096
3841,205021082
3842,205041094
3844,205051104
3844,205041094
3844,205051102
3844,205041097
3844,205041098
3847,205051102
3847,205051104
3850,205051104
3850,205051103
3851,205051101
3851,205051100
3851,205051104
3851,205051102
3851,205051103
3852,205051100
3853,205051103
3854,205041098
3856,205041098
3857,205051102
3858,205051099
3858,205051101
3858,205051102
3859,205051101
3860,205051101
3860,205051099
3860,205041096
3862,205051099
3862,205021082
3862,205051100
3862,205051101
3864,205021082
3865,205021082
3869,205041094
3870,205041094
3870,205031090
3871,205011078
3871,205031090
3871,205031087
3871,205041094
3873,205051102
3874,205051104
3875,205021081
3875,205021086
3875,205021082
3875,205051100
3878,205021086
3880,205021083
3880,205051100
3880,205021086
3882,205021082
3885,205021080
3885,205021082
3885,205021085
3886,205021085
3887,205021085
3888,205021085
3888,106011110
3888,205021082
3889,205021085
3890,205021085
3891,205021085
3891,101041020
3892,205021085
3893,205021082
3895,205021082
3895,204011056
3896,205021082
3896,205021080
3898,205021082
3898,204031069
3900,205021082
3900,205021080
3902,205021082
3903,205021084
3904,205021084
3909,205021084
3909,205021085
3910,214011374
3911,214021385
3911,214011374
3912,212031308
3912,214021385
3913,214021385
3915,214021379
3915,214021378
3916,214021378
3918,214021379
3919,214021379
3920,214021379
3921,205031088
3922,205031091
3923,205031091
3925,205031091
3925,205031093
3926,214021379
3926,214021378
3927,214021379
3928,214021378
3929,214021378
3930,214021381
3931,214021380
3933,214021385
3934,214021382
3936,214021377
3937,214021378
3938,214021384
3939,214021378
3939,214021383
3939,214021384
3940,214021384
3941,214021383
3942,214021383
3943,214021383
3944,214021383
3945,205031089
3945,205031093
3946,205031089
3950,205031089
3951,205031089
3951,205031090
3953,205031090
3954,205031090
3956,205031087
3956,205031090
3957,205031087
3958,205031087
3959,205031087
3960,205031087
3960,205031092
3962,205031087
3962,403041074
3962,205051104
3964,205031087
3965,205031087
3966,205051104
3966,205031087
3967,205051104
3971,205051104
3971,205031090
3975,212031306
3976,212031305
3977,212031303
3977,212031308
3977,212031300
3977,212031301
3977,212031302
3977,212031304
3977,214011376
3978,212011290
3978,212031303
3978,212031301
3979,205031093
3980,212031308
3981,212011290
3981,212011288
3984,205031093
3984,212011290
3987,205031089
3988,205011079
3988,205031089
3990,205031093
3991,205031093
3992,205031093
3995,205031093
3996,205031093
3996,205031087
4000,305011105
4000,305011111
4001,305011105
4002,305011105
4003,305011105
4004,305011111
4005,305011109
4005,305031128
4006,305031128
4006,305011106
4006,305031126
4007,305031121
4007,305031124
4007,302031037
4008,302031036
4008,302031037
4009,302031037
4010,305031119
4011,305031122
4011,305031125
4012,302031040
4012,302021034
4013,302031038
4014,302031039
4014,302031038
4017,302041041
4017,302041042
4017,302041043
4017,302041044
4018,302041045
4019,313051377
4019,313051378
4020,313051542
4020,313051379
4021,313051380
4022,313051380
4025,313051542
4029,305031126
4030,305031130
4030,305031131
4031,302021031
4032,302021028
4032,302021029
4034,302021027
4034,302031035
4034,302011024
4034,302021030
4034,302041046
4035,314011382
4035,302011023
4036,302011022
4037,314011385
4051,305031120
4051,304041098
4051,305031123
4051,305031127
4051,305031129
4053,304041101
4053,314011386
4053,302011025
4053,302011026
4053,302021033
4053,302021032
4054,314011386
4054,304041100
4055,314011386
4055,304041104
4055,302021031
4059,305031126
4059,305041136
4060,305041132
4061,304041103
4064,305041135
4065,305041134
4066,305041133
4066,304041102
4066,305041134
4066,305041137
4067,304031096
4068,304031092
4068,304031094
4068,304031097
4069,304021087
4069,304021088
4069,304021089
4069,304021090
4069,304021091
4070,304021091
4070,304021086
4072,304031096
4073,304011084
4074,304011082
4074,304011081
4074,304011083
4074,310011271
4074,304011085
4075,304031093
4075,304031092
4075,310011275
4075,304031095
4076,310011271
4076,310011276
4077,310011273
4077,310011272
4077,310011274
4077,310011271
4078,310011273
4101,305011107
4101,305011110
4101,305011112
4102,303021058
4102,303021054
4103,303021052
4103,303021054
4103,303021055
4104,303021059
4105,303021052
4105,303041068
4105,303021059
4106,303051076
4107,303041070
4108,303051076
4108,303041067
4109,303061079
4109,303031061
4109,303041069
4109,303061080
4110,303051076
4110,303051074
4111,303041070
4112,303061077
4113,303031060
4113,303061078
4114,311061330
4114,311061331
4114,311061336
4115,303051072
4115,303051075
4116,303051073
4116,303051075
4117,311031312
4117,303051073
4118,311031312
4118,311031319
4118,311031316
4119,311061335
4120,303021055
4121,303041071
4121,303021056
4121,303021057
4121,303031063
4122,303031062
4122,303031063
4122,303031065
4122,303031066
4123,311061332
4123,303031064
4124,311031311
4124,311031315
4124,311041320
4125,311031318
4125,311031311
4127,311061334
4127,311061329
4127,311061332
4127,311061333
4128,311051327
4128,311051325
4129,311051324
4129,311051325
4129,311051327
4130,311051324
4131,311051326
4132,311031314
4132,311031317
4133,311031313
4133,311051323
4133,311051328
4151,303021053
4152,303011047
4152,303011049
4152,303011050
4152,303011051
4153,301011002
4154,301011002
4154,301031019
4155,301011002
4156,303031064
4157,301011004
4157,301021011
4158,301011005
4159,301011003
4160,301021007
4160,301021008
4160,301011006
4161,301011001
4163,301021007
4164,301021012
4165,301021011
4165,301021013
4165,301021009
4169,305021115
4170,303011048
4170,305021117
4170,305021118
4171,305021113
4171,305021114
4171,315011399
4171,305021116
4172,301031017
4173,301031018
4174,301031017
4174,301031021
4178,301031021
4178,301031014
4178,301031020
4179,301031015
4179,301031016
4183,301021527
4184,301021527
4205,311051323
4207,309071254
4207,311021310
4207,311021306
4207,311041322
4207,309071258
4207,311021307
4207,311021308
4207,311041321
4207,309071255
4207,311021309
4208,309071255
4208,309071254
4208,309071258
4209,309071257
4209,309071251
4209,309071258
4210,309041241
4210,309071256
4210,309071258
4211,309041241
4211,309041242
4211,309061246
4211,309061249
4211,309061248
4211,309061247
4211,309061250
4212,309071253
4212,309071252
4213,309041241
4213,309051244
4213,309061250
4214,309031235
4214,309091263
4214,309091264
4214,309091265
4215,309091540
4215,309031238
4215,309091541
4216,309031240
4216,309031236
4216,309031237
4216,309071253
4216,309031239
4217,309101267
4217,309101268
4217,309101270
4217,309101269
4218,309011227
4218,309011224
4218,309101270
4218,309011228
4219,309011225
4220,309011226
4220,309011225
4220,309011229
4221,309021233
4221,309021234
4222,309091540
4223,309021231
4223,309051243
4223,309021232
4224,309021231
4225,309021231
4225,309021230
4226,309081259
4226,309081261
4226,309081260
4227,309051245
4227,309081262
4228,309051243
4229,309081261
4230,309081261
4270,309041242
4271,309041242
4272,309041242
4275,309041242
4275,311011305
4280,311041321
4280,311041320
4280,311041322
4285,311011305
4285,311041321
4285,311041320
4285,310021277
4287,311011305
4300,310041296
4300,310041297
4300,310041298
4300,310041300
4300,310041303
4300,310041304
4301,310041299
4301,310041302
4303,310031284
4303,310041301
4303,310031295
4304,310031284
4304,310031287
4305,310031287
4305,310031283
4305,310031285
4305,310031286
4305,310031293
4305,310031291
4305,310021277
4305,310031292
4306,310021282
4306,313031370
4306,310021281
4306,310031289
4306,319021509
4306,310031291
4306,310031288
4306,307021179
4306,310031294
4306,310021278
4306,310031290
4306,310021279
4306,310021277
4307,310021277
4307,310021282
4309,310021277
4310,310021277
4311,310021281
4311,310021278
4311,317011451
4311,310021280
4312,310021278
4313,310021278
4313,313031370
4314,313031370
4314,319021509
4314,307021179
4340,310021282
4340,310021277
4341,310021280
4342,310021280
4343,317011451
4343,310021280
4343,317011448
4344,317011451
4345,317011448
4346,310021282
4347,317011451
4350,307021182
4350,317011450
4350,317011458
4350,317011456
4350,317011453
4350,317011459
4350,317011446
4350,317011447
4350,317011457
4350,317011445
4350,307021180
4350,317011454
4350,317011452
4350,317011455
4352,307031188
4352,317011451
4352,317011450
4352,307021182
4352,307011174
4352,307021179
4352,307021181
4352,317011449
4352,307021180
4352,317011445
4352,307031186
4352,307031184
4352,317011456
4353,307021179
4354,307021179
4355,307021179
4356,307021180
4356,307021182
4357,307021181
4357,307011174
4358,317011445
4358,307031184
4359,307031184
4360,307031184
4361,307031184
4361,307031186
4362,307031186
4363,307021182
4364,307021182
4365,307031186
4370,307031186
4370,307031189
4370,307031185
4371,307031185
4372,307031185
4373,307031185
4374,307031186
4375,307031188
4376,307031188
4377,307031188
4377,110021194
4378,307031188
4380,307031188
4380,110021194
4380,307031187
4381,307031188
4382,307031188
4383,110021194
4383,307031188
4384,307011174
4385,307011174
4385,110021192
4387,307011174
4388,307011174
4390,307011174
4390,307011173
4400,317011449
4401,307021179
4401,307021180
4402,307021179
4403,307021179
4403,307021180
4404,307021180
4405,307021180
4405,307011178
4405,307021183
4405,319021509
4406,307011178
4406,307021183
4407,307021181
4407,307021180
4408,307021183
4410,307021183
4411,307021183
4412,307011172
4413,307011172
4413,307011178
4415,307011175
4416,307011175
4417,307011177
4418,307011175
4419,308041528
4419,307011175
4420,308041528
4421,307011178
4422,307011178
4423,307011178
4423,307011177
4424,307011175
4425,307011175
4426,307011177
4427,307011175
4427,307011177
4428,307011177
4454,307011177
4455,315031409
4455,307011177
4455,307011176
4461,307011177
4462,307011177
4465,307011177
4467,307011177
4468,315031409
4470,315031409
4471,315031411
4472,315031408
4474,315031411
4475,315031411
4477,315031409
4478,315031408
4479,315031409
4480,315031411
4481,315031410
4482,315031410
4486,307011171
4487,307011177
4487,307011171
4488,307011171
4488,315031411
4489,315031411
4490,315031411
4491,315031411
4492,315031411
4493,315031411
4494,307011174
4496,307011174
4497,307011174
4497,307011171
4498,307011174
4500,314031391
4500,314031394
4500,314011383
4500,314011387
4501,314031392
4502,314031393
4503,314021388
4503,314021389
4503,314011384
4504,313041375
4505,313041372
4505,313021364
4506,313041376
4506,313021366
4507,313011363
4508,313041373
4509,314021390
4510,313021365
4510,313011362
4510,313021366
4510,313041376
4511,313011362
4512,313021369
4512,313031371
4514,313031371
4514,313031370
4515,313031370
4516,313021367
4517,316061441
4518,316061441
4519,316061439
4519,316061440
4520,314011384
4520,314011387
4520,304041099
4521,313031371
4521,314011384
4550,316061439
4550,316061442
4551,316021417
4551,316021420
4551,316021422
4551,316021419
4551,108041162
4551,316021421
4552,316061440
4553,316061442
4554,316061444
4555,316061444
4556,316011413
4556,316071546
4556,316011416
4556,316011414
4557,316031428
4557,316011415
4558,316031427
4558,316011413
4559,316071546
4559,316061444
4559,316071548
4560,316071545
4560,316071548
4560,316061443
4560,316071547
4560,316061444
4560,316071546
4561,316071547
4561,316071545
4562,316061443
4562,316081549
4562,316071547
4563,316081549
4563,319031514
4564,316031426
4565,316081549
4565,316051438
4566,316051435
4567,316051437
4567,316051434
4568,316081549
4569,316081549
4570,319031514
4570,319031512
4570,319051525
4570,319031513
4570,319031515
4570,313031370
4570,319031511
4571,316081549
4572,316031428
4573,316031425
4573,316051543
4573,316051544
4574,316061443
4574,319031514
4575,316021424
4575,316021423
4575,316021418
4580,319031511
4581,319051522
4581,319031511
4600,319031515
4601,319031515
4601,319021506
4605,319021506
4606,319021506
4608,319021506
4608,319021507
4610,319021507
4610,319021506
4610,319021509
4610,319021505
4611,319021506
4612,319021506
4613,319021506
4614,319021509
4614,307021179
4615,319021509
4615,319031515
4620,319051525
4621,319021503
4621,319051525
4625,319021503
4626,319021503
4627,319021508
4630,319021508
4630,319021510
4650,319051522
4650,319051525
4650,319051524
4650,319051523
4650,319021503
4650,319051526
4655,319041516
4655,319041517
4655,319041518
4655,315021405
4655,319041520
4655,319051522
4655,319041519
4655,319041521
4659,319051522
4660,319011499
4660,319051522
4662,319051522
4670,319011498
4670,319011499
4670,319011492
4670,319011502
4670,319011500
4670,319011493
4670,319011494
4670,319011495
4670,319011496
4670,319011497
4670,319011501
4671,319021504
4671,319011499
4671,319021508
4673,319011498
4674,308051530
4676,308051530
4677,308051530
4678,308051530
4680,308051535
4680,308051534
4680,308051531
4680,308051533
4680,308051532
4680,308051538
4680,308051539
4680,308051536
4680,308051537
4694,308051535
4695,308051535
4697,308051535
4699,308031206
4700,308031222
4700,308031217
4700,308031216
4700,308031219
4701,308031205
4701,308031213
4701,308031208
4701,308031219
4701,308031218
4701,308031215
4701,308031211
4701,308031214
4701,308031217
4701,308031222
4701,308031209
4702,308041528
4702,308011190
4702,308031220
4702,308011191
4702,308031206
4702,308031219
4702,308031218
4702,308031213
4702,308031209
4702,308031210
4702,308031215
4702,308031221
4702,315031408
4702,315031412
4703,308031219
4703,308031223
4703,308031207
4703,308031221
4703,308031218
4704,308031219
4705,312011338
4705,308031219
4706,308031219
4707,312011338
4709,308011191
4710,308031207
4711,308031209
4712,308011190
4713,308011190
4714,308031212
4715,308041529
4715,308041528
4716,308041528
4717,308011190
4718,308011190
4718,308041528
4719,308041528
4720,308011192
4720,308011191
4721,308011191
4721,312011339
4722,308011191
4723,308011191
4724,315031408
4725,315031408
4726,315031408
4727,315031412
4728,315031408
4730,315031412
4730,315031410
4731,315031412
4732,315031408
4733,315031410
4735,315031410
4736,315031410
4737,312021352
4737,312011338
4737,312021357
4738,312011338
4738,312021352
4739,312011338
4740,312021357
4740,312021352
4740,312021342
4740,312021350
4740,312021353
4740,312021344
4740,312021346
4740,312021349
4740,312021343
4740,312021348
4740,312021356
4740,312021358
4740,310021280
4740,312021355
4741,312021353
4741,312021351
4741,312011338
4741,312031359
4741,312021357
4741,312021345
4741,312021348
4741,312021352
4742,312011338
4743,312011338
4744,312011341
4744,312011339
4745,312011338
4746,312011338
4750,312021354
4751,312021357
4753,312021351
4754,312021351
4756,312021351
4757,312021351
4757,312021345
4798,312021353
4799,312021353
4800,312031361
4800,312031359
4800,312031360
4800,312021353
4800,319011499
4801,312031359
4802,312031359
4803,312031359
4804,312011340
4805,312011340
4805,312011337
4806,318011461
4807,318011461
4807,318011460
4808,318011461
4809,318011461
4810,318021469
4810,318021489
4810,318021490
4810,318021488
4810,318021475
4811,318021487
4811,318021474
4811,318021489
4811,318021491
4812,318021476
4812,318021478
4812,318021479
4812,318021485
4813,318021468
4813,318021490
4814,318021467
4814,318021472
4814,318021468
4814,318021474
4814,318021475
4814,318021477
4814,318021484
4814,318021482
4814,318021476
4815,318021471
4815,318021489
4815,318021480
4816,318021489
4816,318021486
4816,318011463
4816,306031161
4816,308031223
4816,315021407
4816,315021404
4816,318011462
4817,318021470
4817,318021486
4817,318021482
4817,318021471
4818,318021473
4818,318021486
4818,318021484
4818,318021470
4819,318021483
4820,318011462
4820,318011463
4821,315021407
4822,315021407
4822,315011397
4823,315021404
4823,315021407
4823,315031410
4824,315021406
4824,315021404
4824,315021407
4825,312021357
4825,702021055
4825,315021406
4825,315021405
4825,315031410
4825,315021404
4828,315021406
4829,315031410
4830,315021404
4849,306031161
4850,318011465
4850,318011464
4850,318011463
4852,306031160
4852,306031161
4854,306031161
4855,306031160
4856,306031160
4857,306031160
4858,306031160
4859,306031160
4860,306031160
4860,306031159
4860,306031158
4860,303041070
4860,306051169
4860,306031162
4861,306031158
4865,306021148
4868,306021146
4868,306021153
4868,211051276
4868,306021155
4868,306021157
4869,306021144
4869,306021147
4869,306021148
4870,306011140
4870,306011141
4870,306011138
4870,306021154
4870,306021151
4870,306021145
4870,306021146
4870,306021156
4870,306021149
4870,306021150
4870,306021152
4871,315011397
4871,315011400
4871,306031158
4871,315011395
4871,306031160
4871,315011396
4871,306021148
4871,306041165
4871,306051168
4871,315011398
4871,306011139
4871,315021404
4871,306041164
4871,306031163
4872,306051169
4872,315011400
4872,306021145
4872,306051167
4872,306051168
4872,319021503
4872,306051166
4873,319021508
4873,306041164
4873,306041165
4874,315011403
4874,315011396
4875,315011402
4875,315011401
4876,315011399
4877,306041165
4878,306011141
4878,306011143
4878,306011142
4879,306011139
4879,306011142
4880,315011400
4880,306051170
4881,306051168
4882,306051166
4883,306051166
4883,306051169
4884,306051169
4885,306051169
4886,306051169
4887,306051167
4887,315011400
4888,306051167
4890,315021404
4891,315021404
4892,315011397
4892,315011400
4892,315011396
4892,315011395
4892,315011398
4892,315021404
4895,315011396
5000,401011001
5001,401011001
5005,401011001
5006,401011002
5007,404011093
5008,404011093
5008,404021102
5009,404011093
5009,404011090
5009,404011097
5010,404021102
5011,404011097
5011,404011090
5012,404011097
5012,404021102
5013,404021101
5013,404011097
5013,404021102
5014,404011094
5014,404021101
5014,404011097
5015,404021099
5015,404021101
5016,404021099
5016,404021100
5017,404021100
5018,404021100
5019,404021099
5019,404011096
5020,404011096
5021,404011096
5022,404011095
5022,404011092
5023,404011091
5023,404011095
5024,404031105
5024,404011092
5024,404031109
5025,404011091
5031,404031108
5032,404031106
5033,404031108
5033,404031107
5034,401071023
5035,404031107
5035,401071023
5035,404031108
5037,404031107
5038,404031107
5038,403021062
5038,403021058
5039,403031068
5039,403021058
5040,404031107
5041,403031068
5041,403031070
5042,403031066
5042,403021061
5042,403031070
5043,403021058
5043,403021061
5043,403021062
5044,403021062
5044,403011057
5045,403011057
5046,403021064
5047,403041077
5047,403021064
5047,403021060
5047,403021061
5048,403011056
5048,403021064
5049,403011056
5049,403021060
5050,403031066
5051,403031067
5051,403041076
5052,403031065
5052,403031067
5061,401071023
5061,401071024
5062,403031065
5062,403031069
5063,401031013
5063,401031012
5063,401071024
5064,401031012
5064,401071024
5064,403031069
5065,401031013
5066,401031012
5066,401031011
5066,401031013
5067,401031011
5067,401051017
5067,401031013
5068,401051017
5068,401031011
5068,401031013
5068,401051018
5069,401051019
5070,401051018
5070,401051019
5071,401051017
5072,401031011
5072,401041016
5072,401021010
5073,401041016
5074,401041015
5075,402051051
5075,401041015
5076,401041014
5076,401021010
5081,401061020
5081,401061022
5082,401061021
5083,402031036
5083,401061020
5084,402031036
5085,402031036
5085,402031037
5086,402031037
5086,402031038
5087,402031038
5088,402051052
5089,402051051
5090,402051052
5091,402051054
5091,402051055
5092,402051052
5092,402051053
5093,402041040
5093,402031037
5094,402041172
5094,402031036
5095,402041171
5095,402041172
5096,402041041
5097,402051054
5097,402051055
5098,402041040
5106,402041042
5106,402041046
5107,402041171
5107,402041043
5108,402041044
5108,402041046
5108,402041048
5109,402041046
5109,402041047
5110,402041039
5110,402041048
5110,402041171
5110,402021035
5111,402041048
5112,402021030
5112,402021031
5113,402021029
5113,402021034
5113,402021031
5114,402021029
5114,402021028
5114,402051049
5114,402021033
5114,402021034
5115,402011026
5115,402021034
5115,402021032
5116,402011026
5117,402021032
5118,402021033
5118,402011025
5118,402011026
5120,402021035
5121,402021035
5121,402021032
5125,402051049
5125,402051050
5126,402051054
5127,402051053
5131,401021003
5131,402051054
5132,401021003
5133,401021003
5134,401021010
5136,401021010
5137,401021010
5138,401021010
5139,401021006
5140,401021010
5141,401021010
5142,401021010
5144,401021010
5150,401031012
5151,401021004
5152,401021010
5152,401021004
5153,401021005
5153,401021004
5153,401021008
5153,403041075
5154,401021004
5155,401021004
5156,401021004
5157,407011147
5157,401021008
5157,403041075
5158,403021059
5158,403021063
5158,403041080
5159,403041071
5159,403041077
5159,403041080
5160,403041082
5161,403041086
5162,403041084
5163,403041078
5163,403041079
5164,403041073
5165,403041074
5166,403041074
5167,403041074
5167,403041087
5168,403041073
5168,403041087
5169,403041087
5169,403041083
5170,403041087
5171,403041083
5172,407011147
5172,403041088
5173,403041072
5174,403041072
5174,407011149
5201,407011147
5201,403041075
5201,401021008
5201,407011146
5202,407011149
5203,407011149
5204,407011149
5210,407011147
5211,407011149
5211,407011148
5211,407011147
5212,407011144
5213,407011144
5214,407011147
5214,407011144
5220,407011145
5221,407011145
5222,407011145
5223,407011145
5231,401021003
5232,401021003
5233,401021003
5234,401021003
5235,405011110
5236,407031164
5237,407031164
5238,407031164
5238,407031166
5240,401021006
5241,401021006
5242,401021006
5243,401021006
5244,401021006
5244,401021008
5244,401021003
5245,401021005
5245,401021006
5250,401021007
5251,401021008
5251,401021007
5252,401021008
5252,401021009
5253,407031165
5253,407031166
5254,407031166
5254,407031165
5254,401021008
5255,407011147
5255,407011146
5255,407031166
5256,407011147
5259,407031169
5259,407031166
5259,407011147
5260,407031169
5261,407031169
5262,407021155
5263,407021156
5264,407031169
5265,407031169
5266,407031169
5267,407021157
5267,407031169
5268,407021157
5269,407021157
5270,407021157
5271,407021155
5271,407021151
5271,407021154
5271,407021157
5272,407021155
5272,407021151
5273,407021155
5275,407021151
5276,407021151
5277,407021156
5277,407021150
5278,407021156
5278,407021150
5279,407021158
5279,407021156
5280,407021158
5280,407021150
5280,407021152
5290,407021174
5291,407021150
5291,407021174
5291,407021173
5291,407021158
5301,407031169
5301,407031161
5302,407031161
5303,407031161
5304,407031161
5304,407031163
5306,407031161
5307,407031161
5307,407031163
5308,407031161
5308,407031170
5309,407031161
5310,407031163
5310,407031161
5311,407031163
5311,407031170
5320,407031170
5320,405021118
5320,406021141
5321,407031170
5322,407031170
5330,407031170
5330,407031163
5330,406021141
5330,407031159
5331,407031163
5332,407031163
5333,407031163
5333,407031162
5340,407031168
5341,406021141
5341,407031168
5341,407031167
5342,407031159
5343,407031160
5343,407031159
5343,407031168
5344,407031159
5345,407031159
5346,407031159
5350,405011111
5350,405011112
5351,405011112
5351,405011110
5352,405011110
5352,405011111
5352,405011112
5352,405011115
5353,405011110
5353,407031164
5354,407031164
5354,407031161
5354,407031170
5355,405011111
5355,405011114
5355,405011110
5356,407031170
5356,405011111
5357,407031170
5357,407031163
5360,405011111
5371,405011111
5371,402011025
5372,405011111
5373,405011111
5374,405021118
5374,407031170
5381,405021118
5400,405011111
5401,405021119
5401,405011111
5410,405011111
5410,405021117
5411,405021117
5412,405021117
5413,405021118
5413,405021117
5414,405021117
5415,405021117
5416,405021118
5417,406021141
5417,405021118
5418,405021118
5419,405021118
5420,405021118
5421,405021118
5422,405031121
5422,405031120
5422,406021141
5431,405031121
5431,406021141
5431,405031120
5432,406021141
5432,405031121
5432,406021140
5433,405031121
5433,406021140
5434,406021140
5434,406021141
5440,406021141
5440,405031121
5451,405021117
5452,405021117
5453,405021116
5453,405021117
5453,405021119
5454,405031120
5455,405021117
5460,405011113
5460,405021119
5461,405021119
5462,405021119
5464,405021117
5464,405021119
5464,405031123
5470,405031120
5471,405031120
5472,405031120
5473,405031120
5480,405031120
5481,405031121
5482,405031121
5483,405031121
5485,405031121
5490,405031120
5491,405031120
5493,405031121
5495,405031121
5495,405031123
5501,405021119
5501,405011113
5501,402011027
5502,405011113
5510,405021119
5520,405021119
5521,405031123
5522,405021119
5522,405031123
5523,405031120
5523,405021119
5523,405031123
5540,405031123
5540,405031122
5540,405031121
5550,405021119
5552,405041127
5552,405021119
5552,405041124
5554,405041125
5554,405041124
5554,405021119
5555,405021119
5555,405031123
5555,405041127
5556,405041126
5556,405041125
5558,405041127
5558,405041125
5560,405021119
5570,405041127
5571,405041127
5572,405041127
5573,405041127
5575,405041127
5575,405041128
5576,405041128
5577,405041128
5580,405041127
5581,405041127
5582,405041128
5583,405041128
5600,406021140
5600,406011136
5601,406011131
5601,406021140
5601,406011137
5602,406011131
5603,406011131
5604,406011130
5605,406011130
5606,406011133
5606,405041128
5607,406011133
5607,406011130
5607,405041128
5607,406011132
5608,406011136
5609,406011131
5609,406011136
5611,406021140
5630,406011130
5631,406011130
5632,406011130
5633,406011131
5633,406011132
5640,406011131
5641,406011131
5641,406021140
5642,406011131
5650,406011131
5650,406011132
5651,406011132
5652,406011132
5653,406011132
5654,406011132
5655,406011134
5655,406021141
5655,406011132
5660,406011134
5661,406011134
5670,406011132
5671,406011134
5671,406011132
5680,406011134
5680,406021141
5690,406011134
5690,406011129
5690,406011135
5700,406021140
5700,406011131
5700,406021142
5700,405031121
5701,406021141
5701,405031121
5710,406011135
5710,406021141
5710,406021140
5710,406021142
5713,406021140
5713,406021141
5715,406021140
5715,406021141
5717,406021141
5717,406021140
5719,406021141
5719,406011135
5720,406021141
5722,406021141
5723,406021141
5723,406021139
5724,406021141
5724,406021138
5725,406021143
5725,406021141
5730,406021141
5731,406021141
5732,406021141
5733,406021141
5734,406021141
5800,401011001
5810,401011001
5839,401011001
5942,404021102
5950,404031104
6000,503021041
6001,503021041
6003,503021041
6004,503021041
6005,503021037
6005,503021041
6006,503021040
6007,503021038
6007,503021043
6008,503021042
6009,503011035
6010,503011031
6010,503011036
6011,503011032
6011,503011034
6012,503011034
6014,503011033
6014,503021042
6014,503021043
6015,503011030
6016,503021043
6016,503021038
6017,505021087
6017,505021093
6017,505021091
6018,505021096
6018,505021088
6018,505021089
6019,505021092
6019,505021096
6020,505021089
6020,505011082
6020,505021094
6021,505021084
6021,505021093
6022,505021084
6023,505011072
6024,505011073
6025,505011070
6025,505011075
6025,505011079
6025,505011081
6026,505011078
6026,505011083
6027,505011070
6027,505011074
6027,505011077
6027,505011079
6027,505011080
6028,505011076
6028,505011071
6029,505021094
6030,505031101
6030,505031099
6030,505031105
6031,505031100
6031,505031106
6032,505031256
6033,505031256
6034,505031255
6035,505031256
6036,505031099
6036,505031105
6037,505031257
6038,505031255
6041,509021239
6042,509021239
6043,509021239
6044,509021239
6050,505021097
6050,503021039
6051,504011046
6052,503021039
6053,504011045
6054,504011044
6054,504031062
6055,504031059
6055,504031061
6055,504031062
6055,504031057
6055,504031066
6056,504031068
6056,504031066
6056,504021051
6056,504021054
6056,504031065
6056,504031067
6057,506051139
6057,506051140
6058,506051138
6059,505021086
6060,505021097
6060,505021095
6061,505021085
6061,505021090
6062,504011045
6062,504011047
6062,504011048
6063,504031057
6064,505031098
6064,505031102
6064,505031104
6065,505031107
6065,505031103
6065,505031108
6065,504031064
6066,504031056
6067,504031056
6068,504031057
6069,504031059
6069,504031068
6070,504021050
6071,504021050
6072,504021053
6073,504021053
6074,504021052
6076,506051141
6076,506051140
6076,504021052
6077,505031108
6077,505031107
6078,505031107
6078,505031256
6079,504031064
6081,504021053
6082,504021049
6082,504021053
6083,504031060
6083,509021244
6084,504031055
6084,504031058
6084,509021236
6084,504031069
6090,504031063
6100,506021123
6101,506021119
6102,506031124
6103,506021122
6104,506021118
6105,506021122
6105,506021120
6105,506021121
6106,506031130
6107,506041132
6107,506031127
6107,506051138
6107,506031124
6108,506041137
6109,506041136
6110,506041134
6110,506041135
6110,506041136
6111,506011111
6111,506011112
6111,506051141
6111,506011116
6111,506011114
6112,506011110
6112,506011115
6112,506011113
6112,506011117
6121,506061143
6122,506061142
6122,506061143
6123,506061143
6124,506061144
6125,506061144
6125,506061143
6126,506061144
6147,506041132
6147,506031128
6148,506031128
6148,506031129
6149,507041179
6149,507041180
6150,507041176
6150,507041182
6150,507041184
6151,506071147
6152,506071145
6152,506071146
6153,507041175
6153,507041178
6153,506071145
6154,507041181
6154,507041178
6155,506041133
6155,506031126
6155,506031131
6156,507041181
6156,507041183
6157,507041177
6158,507021164
6159,507021165
6160,507021165
6161,507021165
6162,507021166
6162,507021165
6163,507011150
6163,507011153
6163,507011154
6163,507021166
6163,507041182
6163,507011158
6163,507021167
6163,507011160
6164,507011148
6164,507011259
6164,507011159
6164,507011161
6164,507011260
6164,507011163
6165,507031172
6165,507031173
6166,507011152
6166,507011259
6167,507031261
6167,507031169
6167,507031170
6167,507031173
6167,507031174
6167,507031172
6168,507051186
6168,507051188
6169,507051190
6169,507051192
6169,507051193
6170,507031170
6170,507031261
6171,507051185
6172,507051187
6173,507051191
6174,507051191
6175,507051191
6176,507051185
6180,502011027
6181,502011027
6182,507051185
6207,509031248
6207,502011029
6208,502011029
6208,502011026
6209,502011026
6210,502011026
6210,502011021
6210,502011028
6210,502011024
6210,502011022
6210,502011023
6210,502011027
6210,502011025
6211,502011021
6213,509031248
6214,502011029
6215,501021016
6218,501021014
6220,501021014
6221,501021014
6223,501021014
6224,501021014
6225,501021009
6225,509031250
6225,501031017
6225,501031018
6226,501021014
6227,501021010
6228,501021010
6229,501021015
6229,501021010
6230,501021253
6230,501021008
6230,501021251
6230,501021011
6230,501021015
6230,501021252
6230,501021012
6230,501021254
6231,501021253
6232,501021012
6233,501021005
6233,501021014
6236,501021010
6237,501021007
6237,501021252
6239,501031018
6240,501031018
6243,501031017
6243,501031018
6244,501031017
6244,509031250
6251,501031018
6252,501031018
6253,501031018
6254,501031017
6255,501031017
6256,501031017
6258,501031019
6258,501031020
6260,501031020
6262,501031020
6271,501021007
6275,501031020
6275,501011003
6280,501011003
6280,501011002
6280,501021007
6281,501011003
6282,501011003
6284,501011001
6284,501011004
6285,501011001
6285,501011004
6286,501011001
6288,501011001
6290,501011001
6302,509021245
6304,509021245
6306,509031246
6308,509031246
6309,509031250
6311,509031250
6312,509031250
6312,509031249
6312,509031247
6313,509031250
6315,509031250
6315,509031247
6316,509011230
6317,509011230
6317,509031247
6318,509011231
6320,509011231
6321,509011231
6322,509011231
6323,509011234
6324,509011234
6324,509011226
6326,509011234
6327,509011226
6328,509011226
6330,509011225
6330,509011227
6330,509011232
6330,509011226
6330,509011233
6331,509011225
6332,509011225
6333,509011228
6335,509011229
6336,509011229
6337,511011275
6337,509011229
6338,509011229
6338,509011235
6341,509011229
6343,509011229
6346,511011275
6348,511011275
6350,509031247
6351,509031247
6352,509031247
6353,509031247
6355,509031247
6356,509031247
6357,509031247
6358,509031247
6359,509031247
6361,509031247
6363,509031247
6365,509031247
6367,509031247
6368,509021240
6369,509021240
6370,509031247
6372,509031247
6373,509031246
6375,509031246
6383,509021237
6384,509021237
6385,509021240
6386,509021240
6390,509031246
6390,509031248
6391,509031250
6391,509031248
6392,509031250
6393,509031250
6394,509011230
6394,509011231
6394,509031250
6395,509011231
6396,509011231
6397,509011234
6398,501031020
6401,509021243
6401,509021238
6403,509021243
6405,509021237
6407,509021237
6409,509021237
6410,509021237
6411,509021237
6412,509021237
6413,509021240
6414,509021240
6415,509021240
6418,509021240
6419,509021240
6420,509021240
6421,509021240
6421,509021242
6422,509021242
6423,509021242
6424,509021242
6425,509021242
6426,509021242
6427,509021242
6428,509021240
6429,511031282
6430,511031282
6430,511031281
6430,511031280
6430,511031279
6431,511031282
6431,511031283
6432,511031278
6432,511031284
6433,511031280
6433,511031279
6434,511031282
6435,511031283
6436,511031283
6437,511031283
6438,511031283
6440,511031283
6442,511031282
6443,511031282
6445,511011275
6446,511011275
6447,511011275
6448,511011275
6450,511011274
6450,511011275
6452,511011275
6460,509021238
6461,509021238
6462,509021238
6463,509021238
6465,509021238
6466,509021238
6467,509021238
6468,509021241
6470,509021238
6472,509021242
6473,509021242
6475,509021238
6476,509021242
6477,509021242
6479,509021242
6480,509021240
6484,509021242
6485,509021238
6487,509021242
6488,509021242
6489,509021242
6490,509021242
6501,509021236
6502,509021236
6502,509021244
6503,509021239
6504,509021236
6505,509021236
6506,509021241
6507,509021239
6509,509021241
6510,509021241
6511,509021239
6512,509021241
6513,511041291
6513,509021241
6514,511041291
6515,511041291
6516,509021239
6517,511041291
6518,511041291
6519,511041291
6521,509021239
6522,511041291
6525,511041289
6528,511041292
6530,511041285
6530,511041286
6530,511041288
6530,511041287
6531,511041285
6532,511041292
6532,511041287
6532,511041288
6532,511021277
6532,511041286
6535,511041292
6536,511041292
6537,511021277
6556,504021049
6556,504021052
6558,504021049
6560,509021243
6562,509021243
6564,509021243
6566,509021244
6566,509021241
6567,509021244
6568,509021241
6568,509021244
6569,509021241
6571,509021241
6572,509021241
6574,509021241
6575,509021241
6603,509021238
6605,509021238
6606,509021238
6608,509021241
6609,509021241
6612,509021241
6612,511041290
6613,509021241
6614,511041291
6616,511041291
6620,511041291
6623,511041291
6625,511041291
6627,511041291
6628,511041292
6630,511041292
6630,511041290
6631,511041292
6632,511041292
6635,511041290
6638,511041290
6639,511041290
6640,511041290
6642,511041290
6646,511041290
6701,511021276
6701,511021277
6705,511021277
6707,511021277
6710,510031271
6711,510031271
6712,510031271
6713,510031273
6714,510031273
6714,510031272
6716,510031271
6718,510031273
6720,510031273
6721,510021267
6721,510021269
6722,510021267
6722,510021269
6722,510021270
6723,510021267
6725,510011262
6725,510011266
6726,510011262
6728,510011263
6731,510011263
6733,510011263
6740,510011265
6743,510011265
6743,510011264
6751,510031271
6753,510021267
6754,510031271
6758,510021267
6760,510021267
6761,510021267
6762,510021267
6765,510011263
6770,510011264
6798,901011001
6799,901021002
6800,503021041
6803,503021041
6809,503021041
6817,503021041
6820,503021041
6827,503021041
6830,503021041
6831,503021041
6832,503021041
6837,503021041
6838,503021041
6839,503021041
6840,503021041
6841,503021041
6842,503021041
6843,503021041
6844,503021041
6845,503021041
6846,503021041
6847,503021041
6848,503021041
6849,503021041
6850,503021041
6865,503021041
6872,503021041
6892,503021041
6900,503021038
6901,503021043
6902,503021038
6903,503021038
6904,503021042
6905,511031283
6906,503021040
6907,503011035
6909,503011035
6910,503011031
6911,503011032
6912,503011034
6913,503021043
6914,505021084
6915,503021038
6916,505021093
6916,505021091
6917,505021093
6918,505021088
6919,505011077
6920,505021094
6921,505021089
6922,505021092
6923,505011075
6924,505011073
6925,506051141
6926,506051140
6929,503021039
6931,504011046
6932,503021039
6933,504011045
6934,504011044
6935,504031066
6936,504031066
6937,505021095
6938,505021095
6939,505021095
6940,505021095
6941,505021085
6942,504011044
6943,504011047
6944,504031063
6945,504031063
6946,505031108
6947,505031103
6951,506071147
6952,506071145
6953,507041175
6954,507041178
6955,506031131
6956,507041181
6957,507041177
6959,507021165
6960,507041181
6961,507041177
6963,507011154
6964,507011161
6965,507011150
6966,507031173
6967,507051188
6968,507051188
6969,507051188
6970,506031126
6979,506021123
6980,506031127
6981,506021119
6982,506031124
6983,506031124
6984,506021118
6985,506021122
6986,506031130
6987,506031127
6988,506041137
6989,506041136
6990,506041134
6991,506011114
6992,506011110
6997,506011114
7000,601051027
7000,601051028
7000,601051033
7001,601051027
7001,603031073
7002,601051027
7004,601051027
7004,601051032
7005,601051029
7005,601051031
7006,601051031
7007,601051029
7008,601051030
7008,601051028
7009,601031016
7009,601031019
7009,601031021
7010,601031016
7010,601031017
7010,601031018
7011,601031013
7011,601031014
7011,601031015
7012,601031014
7015,601021008
7015,601021006
7016,601021010
7017,601021010
7017,601011002
7017,601011003
7018,601021004
7018,601021007
7018,601021009
7019,601021011
7020,601021012
7021,601021005
7022,601021012
7023,601021012
7024,601021012
7025,601021005
7025,601061035
7026,603011067
7027,603011067
7030,603011065
7030,603011067
7030,601011001
7030,601011002
7030,601031013
7050,601041022
7050,601041023
7051,601041022
7052,601041023
7053,601041026
7054,601041024
7054,601051032
7054,601041023
7054,601041022
7054,601041025
7055,601041022
7109,603021071
7109,603021072
7109,603021070
7112,603021070
7113,603021072
7116,603021071
7117,603021071
7119,603011067
7120,603011067
7139,603011068
7140,603011066
7140,601031020
7140,603011065
7150,603021069
7150,601041024
7150,603021072
7151,604021091
7151,602021054
7155,603021069
7162,603021069
7163,603021069
7170,601021005
7171,601061035
7172,601061035
7173,601061034
7174,601061034
7175,601061034
7176,601061034
7177,601061034
7178,603031073
7179,603031073
7180,603031073
7182,603031073
7183,603031073
7184,603031073
7185,603031073
7186,603031073
7187,603031073
7190,603031074
7190,603011067
7209,602031061
7210,602031061
7211,602031061
7212,602031061
7212,602031058
7212,602031062
7213,602031061
7214,602031064
7215,602031064
7215,603031074
7216,602031064
7248,602011041
7248,602011036
7248,602011040
7249,602011047
7249,602011037
7249,602011052
7250,602011044
7250,602011038
7250,602011042
7250,602011043
7250,602011048
7250,602011045
7250,602011046
7250,602011050
7250,602021056
7250,602011049
7250,602011051
7252,602031059
7252,602031058
7253,602031059
7254,602031059
7254,602031100
7254,602031058
7255,602031099
7256,604031093
7257,602031099
7258,602031062
7258,602031058
7259,602031058
7260,602031100
7261,602031100
7262,602031100
7263,602031100
7264,602031064
7264,602031100
7265,602031100
7267,602031058
7267,602031059
7268,602031058
7270,602021053
7270,602021055
7275,602021055
7275,602021053
7276,602021055
7277,602021055
7277,602011039
7290,602021056
7291,602021056
7292,602021057
7292,602021056
7300,602031062
7300,602031061
7301,602031060
7301,602031061
7301,602021057
7302,602021057
7302,602031061
7303,602021057
7303,602021054
7303,602021056
7304,603011065
7304,602021054
7304,602021057
7305,604021091
7306,604021091
7307,604021089
7307,604021087
7310,604021090
7310,604021086
7310,604021085
7310,604021088
7310,604021091
7310,604021092
7310,604011076
7315,604011076
7315,604021092
7315,604011082
7315,604011083
7316,604011076
7316,604011079
7320,604011075
7320,604011080
7320,604011077
7320,604011078
7321,604031094
7321,604031096
7321,604011077
7321,604011078
7321,604011076
7321,604031097
7322,604011081
7325,604031096
7325,604011084
7325,604011081
7330,604031094
7330,604031095
7331,604031094
7466,604031097
7467,604031097
7468,604031098
7468,604031097
7469,604031097
7470,604031097
8001,206041122
8002,206041119
8003,206041122
8004,206051128
8005,206041126
8006,206041122
8007,206041122
8008,206041125
8009,206041122
8010,210021235
8011,206041122
8012,206041118
8045,206041122
8051,206041122
8066,206041122
8069,206041122
8070,206041122
8071,206041122
8102,206041122
8107,206041122
8111,206041122
8120,206041122
8205,206041122
8785,212041311
9000,305011105
9001,305011105
9002,305011105
9005,305011105
9007,305011105
9009,305011105
9010,305011105
9013,305011105
9015,305011105
9464,302031038
9726,309101268
9999,206041122
