sa2_maincode_2016,sa2_code_2021,ratio
101021007,101021007,1.0
101021008,101021008,1.0
101021009,101021009,1.0
101021010,101021010,1.0
101021011,101021610,0.0967097
101021011,101021611,0.9032903
101021012,101021012,1.0
101031013,101031013,1.0
101031014,101031014,1.0
101031015,101031015,1.0
101031016,101031016,1.0
101041017,101041017,1.0
101041018,101041018,1.0
101041019,101041019,1.0
101041020,101041020,1.0
101041021,101041021,1.0
101041022,101041022,1.0
101041023,101041023,1.0
101041024,101041024,1.0
101041025,101041025,1.0
101041026,101041026,1.0
101041027,101041027,1.0
101051539,101051539,1.0
101051540,101051540,1.0
101061541,101061541,1.0
101061542,101061542,1.0
101061543,101061543,1.0
101061544,101061544,1.0
102011028,102011028,1.0
102011029,102011029,1.0
102011030,102011030,1.0
102011031,102011031,1.0
102011032,102011032,1.0
102011033,102011033,1.0
102011034,102011034,0.9990335
102011034,102011039,0.0009665
102011035,102011035,1.0
102011036,102011036,1.0
102011037,102011037,1.0
102011038,102011038,1.0
102011039,102011039,1.0
102011040,102011040,1.0
102011041,102011041,1.0
102011042,102011042,1.0
102011043,102011043,1.0
102021044,102021044,1.0
102021045,102021045,1.0
102021046,102021046,1.0
102021047,102021047,1.0
102021048,102021048,1.0
102021049,102021049,1.0
102021050,102021050,1.0
102021051,102021051,1.0
102021052,102021052,1.0
102021053,102021053,1.0
102021054,102021054,1.0
102021055,102021055,1.0
102021056,102021056,1.0
102021057,102021057,1.0
103011058,103011612,0.4526202
103011058,103011613,0.5473798
103011059,103011059,1.0
103011060,103011060,1.0
103011061,103011061,1.0
103021062,103021062,1.0
103021063,103021063,1.0
103021064,103021064,1.0
103021065,103021065,1.0
103021066,103021066,1.0
103021067,103021067,1.0
103021068,103021068,1.0
103021069,103021069,1.0
103031070,103031070,1.0
103031071,103031071,1.0
103031072,103031072,1.0
103031073,103031073,1.0
103031074,103031074,1.0
103031075,103031075,1.0
103041076,103041076,1.0
103041077,103041077,1.0
103041078,103041078,1.0
103041079,103041079,1.0
104011080,104011080,1.0
104011081,104011081,1.0
104011082,104011082,1.0
104021083,104021083,1.0
104021084,104021084,1.0
104021085,104021085,1.0
104021086,104021086,1.0
104021087,104021087,1.0
104021088,104021088,1.0
104021089,104021089,1.0
104021090,104021090,1.0
104021091,104021091,1.0
105011092,105011092,1.0
105011093,105011093,1.0
105011094,105011094,1.0
105011095,105011095,1.0
105011096,105011096,1.0
105021097,105021097,1.0
105021098,105021098,1.0
105031099,105031099,1.0
105031100,105031100,1.0
105031101,105031101,1.0
105031102,105031102,1.0
105031103,105031103,1.0
105031104,105031104,1.0
105031105,105031105,1.0
105031106,105031106,1.0
106011107,106011107,1.0
106011108,106011108,1.0
106011109,106011109,1.0
106011110,106011110,1.0
106011111,106011111,1.0
106011112,106011112,1.0
106011113,106011113,1.0
106021114,106021114,1.0
106021115,106021614,0.6570794
106021115,106021617,0.3394406
106021115,106021618,0.00348
106021116,106021116,1.0
106021117,106021615,0.6980665
106021117,106021616,0.3019335
106021118,106021618,1.0
106031119,106031119,1.0
106031120,106031120,1.0
106031121,106031121,1.0
106031122,106031122,1.0
106031123,106031123,1.0
106031124,106031124,1.0
106031125,106031125,1.0
106041126,106041126,1.0
106041127,106041127,1.0
106041128,106041128,1.0
106041129,106041129,1.0
107011131,107011131,1.0
107011132,107011132,1.0
107011133,107011133,1.0
107011134,107011134,1.0
107011545,107011545,1.0
107011546,107011546,1.0
107011547,107011547,1.0
107021135,107021135,1.0
107031136,107031136,1.0
107031137,107031137,1.0
107031138,107031138,1.0
107031139,107031139,1.0
107031140,107031140,1.0
107031141,107031141,1.0
107031142,107031142,1.0
107031143,107031143,1.0
107041144,107041144,1.0
107041145,107041145,1.0
107041146,107041146,1.0
107041147,107041147,1.0
107041148,107041148,1.0
107041150,107041150,1.0
107041548,107041548,1.0
107041549,107041549,1.0
108011151,108011151,1.0
108011152,108011152,1.0
108011153,108011153,1.0
108011154,108011154,1.0
108021155,108021155,1.0
108021156,108021156,1.0
108021157,108021157,1.0
108021158,108021158,1.0
108021159,108021159,1.0
108021160,108021160,1.0
108031161,108031161,1.0
108041162,108041162,1.0
108041163,108041619,0.408173
108041163,108041620,0.591827
108041164,108041164,1.0
108041165,108041165,1.0
108041166,108041166,1.0
108051167,108051167,1.0
108051168,108051168,1.0
108051169,108051169,1.0
108051170,108051170,1.0
108051171,108051171,1.0
109011172,109011172,1.0
109011173,109011173,1.0
109011174,109011174,1.0
109011175,109011175,1.0
109011176,109011176,1.0
109021177,109021177,1.0
109021178,109021178,1.0
109021179,109021179,1.0
109031180,109031180,1.0
109031181,109031181,1.0
109031182,109031182,1.0
109031183,109031183,1.0
109031184,109031184,1.0
109031185,109031185,1.0
110011186,110011186,1.0
110011187,110011187,1.0
110011188,110011188,1.0
110011189,110011189,1.0
110021190,110021190,1.0
110021191,110021191,1.0
110021192,110021192,1.0
110021193,110021193,1.0
110021194,110021194,1.0
110031195,110031195,1.0
110031196,110031196,1.0
110031197,110031197,1.0
110031198,110031198,1.0
110041199,110041199,1.0
110041200,110041200,1.0
110041201,110041201,1.0
110041202,110041202,1.0
110041203,110041203,1.0
110041204,110041204,1.0
110041205,110041205,1.0
111011206,111011206,1.0
111011207,111011207,1.0
111011208,111011208,1.0
111011209,111011209,1.0
111011210,111011210,1.0
111011211,111011211,1.0
111011212,111011212,1.0
111011213,111011213,1.0
111011214,111011214,1.0
111021215,111021215,1.0
111021216,111021216,1.0
111021217,111021217,1.0
111021218,111021218,1.0
111021219,111021219,1.0
111021220,111021220,1.0
111021221,111021221,1.0
111031222,111031222,1.0
111031223,111031223,1.0
111031224,111031224,1.0
111031225,111031225,1.0
111031226,111031226,1.0
111031227,111031227,1.0
111031228,111031228,1.0
111031229,111031229,1.0
111031230,111031230,1.0
111031231,111031231,1.0
111031232,111031232,1.0
111031233,111031233,1.0
111031234,111031234,1.0
111031235,111031235,1.0
112011236,112011236,1.0
112011237,112011237,1.0
112011238,112011238,1.0
112011239,112011239,1.0
112011240,112011240,1.0
112011241,112011241,1.0
112011242,112011242,1.0
112011243,112011243,1.0
112021244,112021244,1.0
112021245,112021245,1.0
112021246,112021246,1.0
112021247,112021247,1.0
112021248,112021248,1.0
112021249,112021249,1.0
112031250,112031250,1.0
112031251,112031251,1.0
112031252,112031252,1.0
112031253,112031253,1.0
112031254,112031254,1.0
112031550,112031550,1.0
112031551,112031551,1.0
112031552,112031552,1.0
113011256,113011256,1.0
113011257,113011257,1.0
113011258,113011258,1.0
113011259,113011259,1.0
113021260,113021260,1.0
113021261,113021261,1.0
113021262,113021262,1.0
113031263,113031263,1.0
113031264,113031264,1.0
113031265,113031265,1.0
113031266,113031266,1.0
113031267,113031267,1.0
113031268,113031268,1.0
113031269,113031269,1.0
113031270,113031270,1.0
113031271,113031271,1.0
114011272,114011272,1.0
114011273,114011273,1.0
114011274,114011274,1.0
114011275,114011275,1.0
114011276,114011276,1.0
114011277,114011277,1.0
114011278,114011278,1.0
114011279,114011279,1.0
114011280,114011280,1.0
114011281,114011281,1.0
114011282,114011282,1.0
114011283,114011283,1.0
114021284,114021284,1.0
114021285,114021285,1.0
114021286,114021286,1.0
114021287,114021287,1.0
114021288,114021288,1.0
114021289,114021289,1.0
115011290,115011290,1.0
115011291,115011291,0.9999995
115011291,115011622,5e-07
115011294,115011294,1.0
115011296,115011296,1.0
115011553,115011553,1.0
115011554,115011554,1.0
115011555,115011555,1.0
115011556,115011556,1.0
115011557,115011557,1.0
115011558,115011558,1.0
115011559,115011621,0.7559909
115011559,115011622,0.2440091
115021297,115021297,1.0
115021298,115021298,1.0
115031299,115031299,1.0
115031300,115031300,1.0
115041301,115041301,0.9965636
115041301,115041623,0.0034364
115041302,115041623,0.0602784
115041302,115041624,0.2083259
115041302,115041625,0.7313957
116011303,116011303,1.0
116011304,116011304,1.0
116011306,116011306,1.0
116011307,116011307,1.0
116011308,116011626,0.5807167
116011308,116011627,0.4190312
116011308,125031715,0.0002521
116011560,116011560,1.0
116011561,116011561,1.0
116021309,116021309,1.0
116021310,116021628,0.6327158
116021310,116021633,0.3672842
116021312,116021629,0.0430564
116021312,116021630,0.4582552
116021312,116021631,0.176805
116021312,116021632,0.3218834
116021562,116021562,1.0
116021563,116021563,1.0
116031313,116031313,1.0
116031314,116031314,1.0
116031315,116031315,1.0
116031316,116031316,1.0
116031317,116031317,1.0
116031318,116031318,1.0
116031319,116031319,1.0
117011320,117011320,1.0
117011321,117011321,1.0
117011322,117011634,0.4008494
117011322,117011635,0.5991506
117011323,117011323,1.0
117011324,117011324,1.0
117011325,117011325,1.0
117021326,117021636,0.4439296
117021326,117021637,0.5560704
117021327,117021327,1.0
117021328,117021328,1.0
117031329,117031329,1.0
117031330,117031330,1.0
117031331,117031331,1.0
117031332,117031638,0.3979693
117031332,117031640,0.6020307
117031333,117031333,1.0
117031334,117031641,0.5951357
117031334,117031646,0.4048643
117031335,117031639,0.3738271
117031335,117031642,0.6261729
117031336,117031336,1.0
117031337,117031644,0.2798611
117031337,117031645,0.7201389
117031338,117031643,0.2535504
117031338,117031647,0.4451852
117031338,117031648,0.3012644
118011339,118011339,1.0
118011340,118011340,1.0
118011341,118011341,1.0
118011342,118011342,1.0
118011343,118011649,0.5869197
118011343,118011650,0.4130803
118011344,118011344,1.0
118011345,118011345,1.0
118011346,118011346,1.0
118011347,118011347,1.0
118021348,118021651,0.7836822
118021348,118021654,0.2163178
118021350,118021652,0.4565794
118021350,118021653,0.5434206
118021564,118021564,1.0
118021565,118021565,1.0
118021566,118021566,1.0
118021567,118021567,1.0
118021568,118021568,1.0
118021569,118021569,1.0
118021570,118021570,1.0
119011354,119011354,1.0
119011355,119011355,1.0
119011356,119011356,1.0
119011357,119011655,0.528426
119011357,119011656,0.471574
119011358,119011358,1.0
119011359,119011657,0.4105695
119011359,119011658,0.5894305
119011360,119011360,1.0
119011361,119011361,1.0
119011571,119011571,1.0
119011572,119011572,1.0
119021362,119021362,1.0
119021363,119021659,0.4007006
119021363,119021660,0.293065
119021363,119021661,0.3062343
119021364,119021662,0.7447701
119021364,119021663,0.2552299
119021366,119021366,1.0
119021367,119021367,1.0
119021573,119021573,1.0
119021574,119021574,1.0
119031368,119031664,0.4654897
119031368,119031665,0.5345103
119031369,119031666,0.5944027
119031369,119031667,0.4055973
119031370,119031370,1.0
119031371,119031371,1.0
119031372,119031372,1.0
119031373,119031372,0.0155939
119031373,119031373,0.9844061
119031374,119031374,1.0
119041375,119041668,0.7040622
119041375,119041671,0.2959378
119041376,119041669,0.3739827
119041376,119041670,0.6260173
119041377,119041377,1.0
119041378,119041378,1.0
119041379,119041379,1.0
119041380,119041380,1.0
119041381,119041381,1.0
119041382,119041382,1.0
120011383,120011383,1.0
120011384,120011672,0.5057513
120011384,120011673,0.4942487
120011385,120011385,1.0
120011386,120011386,1.0
120021387,120021387,1.0
120021388,120021674,0.3557375
120021388,120021675,0.6442625
120021389,120021389,1.0
120031390,120031676,0.5325969
120031390,120031677,0.4674031
120031391,120031678,0.5493864
120031391,120031679,0.4506136
120031392,120031392,1.0
120031393,120031393,1.0
120031394,120031394,1.0
120031395,120031395,1.0
120031396,120031396,1.0
120031575,120031680,0.6647257
120031575,120031681,0.3352743
120031576,120031576,1.0
121011398,121011682,0.3320511
121011398,121011684,0.6679489
121011399,121011399,1.0
121011400,121011685,0.485053
121011400,121011686,0.514947
121011401,121011401,1.0
121011402,121011683,0.5165186
121011402,121011687,0.4834814
121021403,121021403,1.0
121021404,121021404,1.0
121021406,121021406,1.0
121021577,121021577,1.0
121021578,121021403,0.0009536
121021578,121021578,0.9990464
121021579,121021579,1.0
121031407,121031407,1.0
121031408,121031408,1.0
121031409,121031409,1.0
121031410,121031410,1.0
121031411,121031411,1.0
121031412,121031412,1.0
121041413,121041413,0.9977561
121041413,121041416,0.0022439
121041414,121041414,1.0
121041415,121041688,0.4884647
121041415,121041689,0.5115353
121041416,121041416,1.0
121041417,121041417,1.0
122011418,122011418,1.0
122011419,122011419,1.0
122021420,122021420,1.0
122021421,122021421,1.0
122021422,122021422,1.0
122021423,122021690,0.5655973
122021423,122021691,0.4344027
122031424,122031424,1.0
122031425,122031425,1.0
122031426,122031694,0.3537426
122031426,122031695,0.6462574
122031427,122031427,1.0
122031428,122031692,0.3435914
122031428,122031696,0.6564086
122031429,122031429,1.0
122031430,122031430,1.0
122031431,122031693,0.5545385
122031431,122031697,0.4454615
122031432,122031432,1.0
123011433,123011433,1.0
123011434,123011699,0.4988418
123011434,123011700,0.5011582
123011435,123011698,0.1865491
123011435,123011701,0.6677616
123011435,123011702,0.1456893
123021436,123021436,1.0
123021437,123021437,1.0
123021438,123021438,1.0
123021439,123021439,1.0
123021440,123021703,0.158187
123021440,123021705,0.8385377
123021440,127011728,0.0032753
123021441,123021441,1.0
123021442,123021704,0.4069515
123021442,123021706,0.5930485
123021443,123021443,1.0
123021444,123021444,1.0
123031445,123031445,1.0
123031446,123031446,1.0
123031447,123031447,1.0
123031448,123031448,1.0
124011449,124011449,1.0
124011450,124011450,1.0
124011451,124011451,1.0
124011452,124011452,1.0
124011453,124011453,1.0
124011454,124011454,1.0
124011455,124011455,1.0
124021456,124021456,1.0
124031457,124031457,1.0
124031458,124031707,0.7135297
124031458,124031708,0.2864703
124031459,124031459,1.0
124031460,124031460,1.0
124031461,124031461,1.0
124031462,124031462,1.0
124031463,124031463,1.0
124031464,124031464,1.0
124031465,124031465,1.0
124041466,124041466,1.0
124041467,124041467,1.0
124041468,124041468,1.0
124051469,124051469,1.0
124051470,124051470,1.0
124051580,124051580,1.0
124051581,124051581,1.0
125011473,125011709,0.4831594
125011473,125011710,0.5168406
125011475,125011475,1.0
125011582,125011582,1.0
125011583,125011583,1.0
125011584,125011584,1.0
125011585,125011585,1.0
125011586,125011586,1.0
125011587,125011587,1.0
125021476,125021711,0.4035695
125021476,125021712,0.5964305
125021477,125021477,1.0
125021478,125021478,1.0
125031479,125031479,1.0
125031480,125031480,1.0
125031481,125031481,1.0
125031482,125031713,0.614023
125031482,125031715,0.385977
125031483,125031483,1.0
125031484,125031484,1.0
125031485,125031714,0.7624893
125031485,125031716,0.2375107
125031486,125031486,1.0
125031487,125031487,1.0
125041489,125041489,1.0
125041490,125041490,1.0
125041491,125041491,1.0
125041492,125041717,0.29305
125041492,125041718,0.3767675
125041492,125041719,0.3301825
125041493,125041493,1.0
125041494,125041494,1.0
125041588,125041588,1.0
125041589,125041589,1.0
126011495,126011720,0.3943932
126011495,126011721,0.6056068
126011496,126011496,1.0
126021497,126021722,0.2767404
126021497,126021723,0.7232596
126021498,126021498,1.0
126021499,126021499,1.0
126021500,126021500,1.0
126021501,126021501,1.0
126021503,126021503,1.0
126021590,126021590,1.0
126021591,126021724,0.7399246
126021591,126021725,0.2600754
127011504,127011504,1.0
127011505,127011505,1.0
127011506,123021703,0.0002597
127011506,127011726,0.1437274
127011506,127011727,0.2678513
127011506,127011728,0.3207333
127011506,127011729,0.2674283
127011592,127011592,1.0
127011593,127011593,1.0
127011594,127011594,1.0
127011595,127011595,1.0
127011596,127011596,1.0
127011597,127011597,1.0
127021509,127021509,1.0
127021510,127021510,1.0
127021511,127021511,1.0
127021512,127021512,1.0
127021513,127021513,1.0
127021514,127021514,1.0
127021515,127021515,1.0
127021516,127021516,1.0
127021517,127021517,1.0
127021518,127021518,1.0
127021519,127021519,1.0
127021520,127021520,1.0
127021521,127021521,1.0
127031522,127031522,1.0
127031523,127031523,1.0
127031524,127031524,1.0
127031598,127031731,0.5141273
127031598,127031732,0.4858727
127031599,127031599,1.0
127031600,127031730,0.1282382
127031600,127031733,0.8717618
127031601,127031601,1.0
128011529,128011529,1.0
128011530,128011530,1.0
128011531,128011531,0.9996893
128011602,128011602,1.0
128011603,128011603,1.0
128011604,128011604,1.0
128011605,128011605,1.0
128011606,128011606,1.0
128021533,128021533,1.0
128021534,128021534,1.0
128021535,128021535,1.0
128021536,128021536,1.0
128021537,128021537,1.0
128021538,128021538,1.0
128021607,128021607,1.0
128021608,128021608,1.0
128021609,128021609,1.0
197979799,197979799,1.0
199999499,199999499,1.0
201011001,201011001,1.0
201011002,201011002,1.0
201011003,201011481,0.3956269
201011003,201011482,0.6043731
201011004,201011483,0.467037
201011004,201011484,0.532963
201011005,201011005,1.0
201011006,201011006,1.0
201011007,201011007,1.0
201011008,201011008,1.0
201021009,201021009,1.0
201021010,201021010,1.0
201021011,201021011,1.0
201021012,201021012,1.0
201031013,201031013,1.0
201031014,201031014,1.0
201031015,201031015,1.0
201031016,201031016,1.0
201031017,201031017,1.0
202011018,202011018,1.0
202011019,202011019,1.0
202011020,202011020,1.0
202011021,202011021,1.0
202011022,202011022,1.0
202011023,202011023,1.0
202011024,202011024,1.0
202011025,202011025,1.0
202021026,202021026,1.0
202021027,202021027,1.0
202021028,202021028,1.0
202021029,202021029,1.0
202021030,202021030,1.0
202021031,202021031,1.0
202031032,202031032,1.0
202031033,202031033,1.0
203011034,203011034,1.0
203011035,203011035,1.0
203011036,203011036,1.0
203021037,203021037,1.0
203021038,203021486,0.6694257
203021038,203021488,0.3305743
203021039,203021039,1.0
203021040,203021040,1.0
203021041,203021485,0.1532204
203021041,203021487,0.8467796
203021042,203021042,1.0
203021043,203021043,1.0
203021044,203021044,1.0
203021045,203021045,1.0
203021046,203021046,1.0
203021047,203021047,1.0
203031048,203031048,1.0
203031049,203031049,1.0
203031050,203031489,0.3298878
203031050,203031490,0.6701122
203031051,203031051,1.0
203031052,203031052,1.0
203031053,203031053,1.0
204011054,204011054,1.0
204011055,204011055,1.0
204011056,204011056,1.0
204011057,204011057,1.0
204011058,204011058,1.0
204011059,204011059,1.0
204011060,204011060,1.0
204011061,204011061,1.0
204011062,204011062,1.0
204021063,204021063,1.0
204021064,204021064,1.0
204021065,204021065,1.0
204021066,204021066,1.0
204021067,204021067,1.0
204031068,204031068,1.0
204031069,204031069,1.0
204031070,204031070,1.0
204031071,204031071,1.0
204031072,204031072,1.0
204031073,204031073,1.0
204031074,204031491,0.3693245
204031074,204031492,0.6306755
204031075,204031075,1.0
205011076,205011076,1.0
205011077,205011077,1.0
205011078,205011078,1.0
205011079,205011079,1.0
205021080,205021080,1.0
205021081,205021081,1.0
205021082,205021082,1.0
205021083,205021083,1.0
205021084,205021084,1.0
205021085,205021085,1.0
205021086,205021086,1.0
205031087,205031087,1.0
205031088,205031088,1.0
205031089,205031089,1.0
205031090,205031090,1.0
205031091,205031091,1.0
205031092,205031092,1.0
205031093,205031093,1.0
205041094,205041094,1.0
205041095,205041095,1.0
205041096,205041096,1.0
205041097,205041493,0.4238406
205041097,205041494,0.5761594
205041098,205041098,1.0
205051099,205051099,1.0
205051100,205051100,1.0
205051101,205051101,1.0
205051102,205051102,1.0
205051103,205051103,1.0
205051104,205051104,1.0
206011105,206011495,0.4937474
206011105,206011496,0.5062526
206011106,206011106,1.0
206011107,206011107,1.0
206011108,206011497,0.4777148
206011108,206011498,0.5222852
206011109,206011109,1.0
206021110,206021110,1.0
206021111,206021499,0.6041131
206021111,206021500,0.3958869
206021112,206021112,1.0
206031113,206031113,1.0
206031114,206031501,0.5768626
206031114,206031502,0.4231374
206031115,206031115,1.0
206031116,206031116,1.0
206041117,206041117,1.0
206041118,206041118,1.0
206041119,206041119,1.0
206041120,206041120,1.0
206041121,206041121,1.0
206041122,206041503,0.2923955
206041122,206041504,0.3675187
206041122,206041505,0.3400858
206041123,206041506,0.7577579
206041123,206041510,0.2422421
206041124,206041124,1.0
206041125,206041125,1.0
206041126,206041507,0.0001677
206041126,206041508,0.3497044
206041126,206041509,0.6501277
206041126,206051511,2e-07
206041127,206041127,1.0
206051128,206051128,1.0
206051129,206051129,1.0
206051130,206051130,1.0
206051131,206051511,1.0
206051132,206051511,0.00716
206051132,206051512,0.99284
206051133,206051513,0.4630655
206051133,206051514,0.5369345
206051134,206051134,1.0
206061135,206061135,1.0
206061136,206061136,1.0
206061137,206061515,0.4993093
206061137,206061516,0.5006907
206061138,206061138,1.0
206071139,206071139,1.0
206071140,206071140,1.0
206071141,206071141,1.0
206071142,206071142,1.0
206071143,206071143,1.0
206071144,206071517,0.5654703
206071144,206071518,0.4345297
206071145,206071145,1.0
207011146,207011146,1.0
207011147,207011147,1.0
207011148,207011148,1.0
207011149,207011149,1.0
207011150,207011150,1.0
207011151,207011519,0.4664317
207011151,207011520,0.5335683
207011152,207011152,1.0
207011153,207011521,0.4721433
207011153,207011522,0.5278567
207011154,207011154,1.0
207011155,207011155,1.0
207021156,207021156,1.0
207021157,207021157,1.0
207021159,207021159,1.0
207021160,207021160,1.0
207021424,207021424,1.0
207021425,207021425,1.0
207031161,207031161,1.0
207031162,207031162,1.0
207031163,207031163,1.0
207031164,207031164,1.0
207031165,207031165,1.0
207031166,207031166,1.0
207031167,207031167,1.0
208011168,208011168,1.0
208011169,208011169,1.0
208011170,208011170,1.0
208011171,208011171,1.0
208011172,208011172,1.0
208011173,208011173,1.0
208021174,208021174,1.0
208021176,208021176,1.0
208021177,208021177,1.0
208021178,208021178,1.0
208021179,208021179,1.0
208021180,208021180,1.0
208021181,208021181,1.0
208021182,208021182,1.0
208021426,208021426,1.0
208021427,208021427,1.0
208031183,208031183,1.0
208031184,208031184,1.0
208031185,208031185,1.0
208031186,208031186,1.0
208031187,208031187,1.0
208031188,208031188,1.0
208031189,208031189,1.0
208031190,208031190,1.0
208031191,208031191,1.0
208031192,208031192,1.0
208031193,208031193,1.0
208041194,208041194,1.0
208041195,208041195,1.0
209011196,209011196,1.0
209011197,209011197,1.0
209011198,209011198,1.0
209011199,209011199,1.0
209011200,209011200,1.0
209011201,209011201,1.0
209011202,209011202,1.0
209011203,209011203,1.0
209011204,209011204,1.0
209021205,209021205,1.0
209021207,209021523,0.5307731
209021207,209021525,0.4692269
209021208,209021524,0.4109534
209021208,209021526,0.5890466
209021428,209021428,1.0
209021429,209021429,1.0
209031209,209031209,1.0
209031210,209031210,1.0
209031211,209031211,1.0
209031212,209031212,1.0
209031213,209031213,1.0
209031214,209031214,1.0
209031215,209031215,1.0
209041216,209041216,1.0
209041217,209041217,1.0
209041219,209041529,0.4408899
209041219,209041530,0.5591101
209041220,209041220,1.0
209041221,209041221,1.0
209041223,209041223,1.0
209041224,209041224,1.0
209041225,209041225,1.0
209041430,209041527,0.6707869
209041430,209041528,0.3292131
209041431,209041431,1.0
209041432,209041432,1.0
209041433,209041433,1.0
209041434,209041531,0.5118091
209041434,209041532,0.4881909
209041435,209041435,1.0
209041436,209041436,1.0
209041437,209041437,1.0
210011226,210011226,1.0
210011227,210011227,1.0
210011228,210011228,1.0
210011229,210011533,0.4437834
210011229,210011534,0.5562166
210011230,210011230,1.0
210011231,210011231,1.0
210021232,210021232,1.0
210021233,210021233,1.0
210021234,210021234,1.0
210021235,210021235,1.0
210031236,210031236,1.0
210031237,210031237,1.0
210031239,210031537,0.307104
210031239,210031538,0.692896
210031438,210031535,0.6373562
210031438,210031536,0.3626438
210031439,210031439,1.0
210031440,210031440,1.0
210041240,210041240,1.0
210041241,210041539,0.0886963
210041241,210041540,0.4898164
210041241,210041541,0.4214873
210051242,210051242,1.0
210051243,210051243,1.0
210051245,210051245,1.0
210051246,210051246,1.0
210051247,210051247,1.0
210051248,210051248,1.0
210051249,210051544,0.4449367
210051249,210051545,0.5550633
210051250,210051250,1.0
210051441,210051441,1.0
210051442,210051442,1.0
210051443,210051443,1.0
210051444,210051445,0.0006206
210051444,210051542,0.3904751
210051444,210051543,0.6089043
210051445,210051445,1.0
211011251,211011251,1.0
211011254,211011254,1.0
211011255,211011255,1.0
211011256,211011256,1.0
211011257,211011257,1.0
211011258,211011258,1.0
211011259,211011259,1.0
211011260,211011260,1.0
211011446,211011446,1.0
211011447,211011447,1.0
211011448,211011448,1.0
211011449,211011449,1.0
211021261,211021261,1.0
211021262,211021262,1.0
211031263,211031263,1.0
211031265,211031265,1.0
211031266,211031266,1.0
211031267,211031267,1.0
211031268,211031268,1.0
211031450,211031450,1.0
211031451,211031451,1.0
211031452,211031452,1.0
211041269,211041269,1.0
211041270,211041270,1.0
211041271,211041271,1.0
211041272,211041272,1.0
211041273,211041273,1.0
211051274,211051274,1.0
211051275,211051275,1.0
211051276,211051276,1.0
211051277,211051277,1.0
211051278,211051278,1.0
211051279,211051279,1.0
211051280,211051280,1.0
211051281,211051281,1.0
211051282,211051282,1.0
211051283,211051283,1.0
211051284,211051284,1.0
211051285,211051285,1.0
211051286,211051286,1.0
212011287,212011546,0.991505
212011287,212011548,0.0032367
212011287,212011550,0.0052583
212011288,212011547,0.9801687
212011288,212011549,0.0144002
212011288,212011551,0.0054311
212011289,212011289,1.0
212011290,212011548,1.0
212011291,212011549,0.7411182
212011291,212011550,0.2588818
212011292,212011548,0.0002463
212011292,212011551,0.1643697
212011292,212011552,0.835384
212021293,212021293,1.0
212021294,212021553,0.6408804
212021294,212021554,0.3591196
212021295,212021295,1.0
212021297,212021297,1.0
212021299,212021299,1.0
212021453,212021453,1.0
212021454,212021454,1.0
212021455,212021455,1.0
212021456,212021456,1.0
212031300,212031300,1.0
212031301,212031555,0.108983
212031301,212031556,0.0122343
212031301,212031557,0.7173087
212031301,212031558,0.1614741
212031302,212031559,0.4135078
212031302,212031560,0.5864922
212031303,212031303,1.0
212031304,212031304,1.0
212031305,212031561,0.4866122
212031305,212031562,0.5133878
212031306,212031306,1.0
212031308,212031308,1.0
212031457,212031457,1.0
212031458,212031458,1.0
212041309,212041309,1.0
212041310,212041310,1.0
212041311,212041563,0.7048519
212041311,212041564,0.2951481
212041312,212041312,1.0
212041313,212041313,1.0
212041314,212041565,0.5778649
212041314,212041566,0.4221351
212041316,212041316,1.0
212041317,212041317,1.0
212041318,212041318,1.0
212041459,212041459,1.0
212041460,212041460,1.0
212051319,212051319,1.0
212051320,212051567,0.4035626
212051320,212051568,0.5964374
212051321,212051321,1.0
212051322,212051322,1.0
212051323,212051323,1.0
212051324,212051324,1.0
212051325,212051325,1.0
212051326,212051326,1.0
212051327,212051327,1.0
213011328,213011328,1.0
213011329,213011329,1.0
213011330,213011569,0.6854995
213011330,213011570,0.3145005
213011331,213011331,1.0
213011332,213011332,1.0
213011333,213011333,1.0
213011334,213011334,1.0
213011335,213011335,1.0
213011336,213011336,1.0
213011337,213011337,1.0
213011338,213011338,1.0
213011339,213011339,1.0
213011340,213011340,1.0
213021341,213021341,1.0
213021342,213021342,1.0
213021343,213021343,1.0
213021344,213021344,1.0
213021345,213021345,1.0
213021346,213021346,1.0
213031347,213031347,1.0
213031348,213031348,1.0
213031349,213031349,1.0
213031350,213031350,1.0
213031351,213031351,1.0
213031352,213031352,1.0
213041353,213041353,1.0
213041355,213041574,0.2130916
213041355,213041575,0.7869084
213041356,213041576,0.5769149
213041356,213041577,0.4230851
213041357,213041571,0.3804057
213041357,213041572,0.0403635
213041357,213041573,0.115126
213041357,213041578,0.4641048
213041358,213041358,1.0
213041359,213041359,1.0
213041360,213041360,1.0
213041461,213041461,1.0
213041462,213041462,1.0
213041463,213041463,1.0
213051361,213051361,1.0
213051362,213051362,1.0
213051363,213051363,1.0
213051365,213051582,0.0078902
213051365,213051583,0.6960964
213051365,213051584,0.0047993
213051365,213051585,0.2912141
213051366,213051586,0.0008384
213051366,213051587,0.2573492
213051366,213051588,0.7418123
213051368,213051368,1.0
213051369,213051579,0.126619
213051369,213051589,0.2119933
213051369,213051590,0.6613877
213051464,213051464,1.0
213051465,213051580,0.621779
213051465,213051581,0.378221
213051466,213051466,1.0
213051467,213051467,1.0
213051468,213051468,1.0
214011370,214011370,1.0
214011371,214011371,1.0
214011372,214011372,1.0
214011373,214011373,1.0
214011374,214011374,1.0
214011375,214011375,1.0
214011376,214011376,1.0
214021377,214021377,1.0
214021378,214021378,1.0
214021379,214021379,1.0
214021380,214021591,0.6026377
214021380,214021592,0.3973623
214021381,214021381,1.0
214021382,214021382,1.0
214021383,214021383,1.0
214021384,214021384,1.0
214021385,214021385,1.0
215011386,215011386,1.0
215011387,215011387,1.0
215011388,215011388,1.0
215011389,215011389,1.0
215011390,215011390,1.0
215011391,215011391,1.0
215011392,215011392,1.0
215011393,215011393,1.0
215011394,215011394,1.0
215021395,215021395,1.0
215021396,215021396,1.0
215021398,215021398,1.0
215021399,215021399,1.0
215021469,215021469,1.0
215021470,215021470,1.0
215031400,215031400,1.0
215031401,215031401,1.0
215031402,215031402,1.0
215031403,215031403,1.0
215031404,215031404,1.0
215031405,215031405,1.0
216011406,216011406,1.0
216011407,216011407,1.0
216011408,216011408,1.0
216011409,216011409,1.0
216011410,216011410,1.0
216021411,216021411,1.0
216021412,216021412,1.0
216021413,216021413,1.0
216021414,216021414,1.0
216031415,216031415,1.0
216031416,216031416,1.0
216031417,216031593,0.312333
216031417,216031594,0.687667
216031418,216031418,1.0
216031419,216031419,1.0
217011420,217011420,1.0
217011421,217011421,1.0
217011422,217011422,1.0
217011423,217011423,1.0
217031471,217031471,1.0
217031472,217031472,1.0
217031473,217031473,1.0
217031474,217031474,1.0
217031475,217031475,1.0
217031476,217031476,1.0
217041477,217041477,1.0
217041478,217041478,1.0
217041479,217041479,1.0
217041480,217041480,1.0
297979799,297979799,1.0
299999499,299999499,1.0
301011001,301011001,1.0
301011002,301011002,1.0
301011003,301011003,1.0
301011004,301011004,1.0
301011005,301011005,1.0
301011006,301011006,1.0
301021007,301021007,1.0
301021008,301021008,1.0
301021009,301021009,1.0
301021011,301021011,1.0
301021012,301021012,1.0
301021013,301021013,1.0
301021527,301021550,0.2258812
301021527,301021551,0.7741188
301031014,301031014,1.0
301031015,301031015,1.0
301031016,301031016,1.0
301031017,301031017,1.0
301031018,301031018,1.0
301031019,301031019,1.0
301031020,301031020,1.0
301031021,301031021,1.0
302011022,302011022,1.0
302011023,302011023,1.0
302011024,302011024,1.0
302011025,302011025,1.0
302011026,302011026,1.0
302021027,302021027,1.0
302021028,302021028,1.0
302021029,302021029,1.0
302021030,302021030,1.0
302021031,302021031,1.0
302021032,302021032,1.0
302021033,302021033,1.0
302021034,302021034,1.0
302031035,302031035,1.0
302031036,302031036,0.4016157
302031036,302031039,0.5983843
302031037,302031037,1.0
302031038,302031038,1.0
302031039,302031039,1.0
302031040,302031040,1.0
302041041,302041041,1.0
302041042,302041042,1.0
302041043,302041043,1.0
302041044,302041044,1.0
302041045,302041045,1.0
302041046,302041046,1.0
303011047,303011047,1.0
303011048,303011048,1.0
303011049,303011049,1.0
303011050,303011050,1.0
303011051,303011051,1.0
303021052,303021052,1.0
303021053,303021053,1.0
303021054,303021054,1.0
303021055,303021055,1.0
303021056,303021056,1.0
303021057,303021057,1.0
303021058,303021058,1.0
303021059,303021059,1.0
303031060,303031060,1.0
303031061,303031061,1.0
303031062,303031062,1.0
303031063,303031063,1.0
303031064,303031064,1.0
303031065,303031065,1.0
303031066,303031066,1.0
303041067,303041067,1.0
303041068,303041068,1.0
303041069,303041069,1.0
303041070,303041070,1.0
303041071,303041071,1.0
303051072,303051072,1.0
303051073,303051073,1.0
303051074,303051074,1.0
303051075,303051075,1.0
303051076,303051076,1.0
303061077,303061077,1.0
303061078,303061078,1.0
303061079,303061079,1.0
303061080,303061080,1.0
304011081,304011081,1.0
304011082,304011082,1.0
304011083,304011083,1.0
304011084,304011084,1.0
304011085,304011085,1.0
304021086,304021086,1.0
304021087,304021087,1.0
304021088,304021088,1.0
304021089,304021089,1.0
304021090,304021090,1.0
304021091,304021091,1.0
304031092,304031092,1.0
304031093,304031093,1.0
304031094,304031094,1.0
304031095,304031095,1.0
304031096,304031096,1.0
304031097,304031097,1.0
304041098,304041098,1.0
304041099,304041099,1.0
304041100,304041100,1.0
304041101,304041101,1.0
304041102,304041102,1.0
304041103,304041103,1.0
304041104,304041104,1.0
305011105,305011105,1.0
305011106,305011106,1.0
305011107,305011107,1.0
305011108,305011108,1.0
305011109,305011109,1.0
305011110,305011110,1.0
305011111,305011111,1.0
305011112,305011112,1.0
305021113,305021113,1.0
305021114,305021114,1.0
305021115,305021115,1.0
305021116,305021116,1.0
305021117,305021117,1.0
305021118,305021118,1.0
305031119,305031119,1.0
305031120,305031120,1.0
305031121,305031121,1.0
305031122,305031122,1.0
305031123,305031123,1.0
305031124,305031124,1.0
305031125,305031125,1.0
305031126,305031126,1.0
305031127,305031127,1.0
305031128,305031128,1.0
305031129,305031129,1.0
305031130,305031130,1.0
305031131,305031131,1.0
305041132,305041132,1.0
305041133,305041133,1.0
305041134,305041134,1.0
305041135,305041135,1.0
305041136,305041136,1.0
305041137,305041137,1.0
306011138,306011138,1.0
306011139,306011139,1.0
306011140,306011140,1.0
306011141,306011141,1.0
306011142,306011139,0.0032018
306011142,306011142,0.9967982
306011143,306011143,1.0
306021144,306021144,1.0
306021145,306021145,1.0
306021146,306021146,1.0
306021147,306021147,1.0
306021148,306021148,1.0
306021149,306021149,1.0
306021150,306021150,1.0
306021151,306021151,1.0
306021152,306021152,1.0
306021153,306021153,1.0
306021154,306021154,1.0
306021155,306021155,1.0
306021156,306021156,1.0
306021157,306021157,1.0
306031158,306031158,1.0
306031159,306031159,1.0
306031160,306031160,1.0
306031161,306031161,1.0
306031162,306031162,1.0
306031163,306031163,1.0
306041164,306041164,1.0
306041165,306041165,1.0
306051166,306051166,1.0
306051167,306051167,1.0
306051168,306051168,1.0
306051169,306051169,1.0
306051170,306051170,1.0
307011171,307011171,1.0
307011172,307011172,1.0
307011173,307011173,1.0
307011174,307011174,1.0
307011175,307011175,1.0
307011176,307011176,1.0
307011177,307011177,1.0
307011178,307011178,1.0
307021179,307021179,1.0
307021180,307021180,1.0
307021181,307021181,1.0
307021182,307021182,1.0
307021183,307021183,1.0
307031184,307031184,1.0
307031185,307031185,1.0
307031186,307031186,1.0
307031187,307031187,1.0
307031188,307031188,1.0
307031189,307031189,1.0
308011190,308011190,1.0
308011191,308011191,1.0
308011192,308011192,1.0
308031205,308031205,1.0
308031206,308031206,1.0
308031207,308031207,1.0
308031208,308031208,1.0
308031209,308031209,1.0
308031210,308031210,1.0
308031211,308031211,1.0
308031212,308031212,1.0
308031213,308031213,1.0
308031214,308031214,1.0
308031215,308031215,1.0
308031216,308031216,1.0
308031217,308031217,1.0
308031218,308031218,1.0
308031219,308031219,1.0
308031220,308031220,1.0
308031221,308031221,1.0
308031222,308031222,1.0
308031223,308031223,1.0
308041528,308041528,1.0
308041529,308041529,1.0
308051530,308051530,1.0
308051531,308051531,1.0
308051532,308051532,1.0
308051533,308051533,1.0
308051534,308051534,1.0
308051535,308051535,1.0
308051536,308051536,1.0
308051537,308051537,1.0
308051538,308051538,1.0
308051539,308051539,1.0
309011224,309011224,1.0
309011225,309011225,1.0
309011226,309011226,1.0
309011227,309011227,1.0
309011228,309011228,1.0
309011229,309011229,1.0
309021230,309021230,1.0
309021231,309021231,1.0
309021232,309021232,1.0
309021233,309021233,1.0
309021234,309021234,1.0
309031235,309031235,1.0
309031236,309031236,1.0
309031237,309031237,1.0
309031238,309031238,1.0
309031239,309031239,1.0
309031240,309031240,1.0
309041241,309041241,1.0
309041242,309041242,1.0
309051243,309051243,1.0
309051244,309051244,1.0
309051245,309051245,1.0
309061246,309061246,1.0
309061247,309061247,1.0
309061248,309061248,1.0
309061249,309061249,1.0
309061250,309061250,1.0
309071251,309071251,1.0
309071252,309071252,1.0
309071253,309071253,1.0
309071254,309071254,1.0
309071255,309071552,0.4729791
309071255,309071553,0.5270209
309071256,309071256,1.0
309071257,309071554,0.3856511
309071257,309071555,0.3835676
309071257,309071558,0.2307813
309071258,309071556,0.3073564
309071258,309071557,0.6167364
309071258,309071558,0.0759071
309081259,309081259,1.0
309081260,309081260,1.0
309081261,309081559,0.6929743
309081261,309081560,0.3070257
309081262,309081262,1.0
309091263,309091263,1.0
309091264,309091264,1.0
309091265,309091265,1.0
309091540,309091540,1.0
309091541,309091541,1.0
309101267,309101267,1.0
309101268,309101268,1.0
309101269,309101269,1.0
309101270,309101561,0.465283
309101270,309101562,0.534717
310011271,310011271,1.0
310011272,310011272,1.0
310011273,310011563,0.2272251
310011273,310011564,0.7727749
310011274,310011274,1.0
310011275,310011275,1.0
310011276,310011276,1.0
310021277,310021277,1.0
310021278,310021278,1.0
310021279,310021279,1.0
310021280,310021280,1.0
310021281,310021281,1.0
310021282,310021282,1.0
310031283,310031283,1.0
310031284,310031284,1.0
310031285,310031285,1.0
310031286,310031286,1.0
310031287,310031287,1.0
310031288,310031288,1.0
310031289,310031289,1.0
310031290,310031290,1.0
310031291,310031291,1.0
310031292,310031292,1.0
310031293,310031293,1.0
310031294,310031294,1.0
310031295,310031295,1.0
310041296,310041565,0.5067528
310041296,310041566,0.4932472
310041297,310041297,1.0
310041298,310041298,1.0
310041299,310041299,1.0
310041300,310041300,1.0
310041301,310041301,1.0
310041302,310041302,1.0
310041303,310041303,1.0
310041304,310041304,1.0
311011305,311011305,1.0
311021306,311021306,1.0
311021307,311021307,1.0
311021308,311021308,1.0
311021309,311021309,1.0
311021310,311021310,1.0
311031311,311031311,1.0
311031312,311031312,1.0
311031313,311031313,1.0
311031314,311031314,1.0
311031315,311031315,1.0
311031316,311031316,1.0
311031317,311031317,1.0
311031318,311031318,1.0
311031319,311031319,1.0
311041320,311041568,0.5112815
311041320,311041569,0.4887185
311041321,311041567,0.2375178
311041321,311041570,0.6090748
311041321,311041571,0.1534074
311041322,311041322,1.0
311051323,311051323,1.0
311051324,311051324,1.0
311051325,311051325,1.0
311051326,311051326,1.0
311051327,311051327,1.0
311051328,311051328,1.0
311061329,311061329,1.0
311061330,311061330,1.0
311061331,311061331,1.0
311061332,311061332,1.0
311061333,311061333,1.0
311061334,311061334,1.0
311061335,311061335,1.0
311061336,311061336,1.0
312011337,312011337,1.0
312011338,312011338,1.0
312011339,312011339,1.0
312011340,312011340,1.0
312011341,312011341,1.0
312021342,312021342,1.0
312021343,312021343,1.0
312021344,312021344,1.0
312021345,312021345,1.0
312021346,312021346,1.0
312021347,312021347,1.0
312021348,312021348,1.0
312021349,312021349,1.0
312021350,312021350,1.0
312021351,312021351,1.0
312021352,312021352,1.0
312021353,312021353,1.0
312021354,312021354,1.0
312021355,312021355,1.0
312021356,312021356,1.0
312021357,312021357,1.0
312021358,312021358,1.0
312031359,312031359,1.0
312031360,312031360,1.0
312031361,312031361,1.0
313011362,313011362,1.0
313011363,313011363,1.0
313021364,313021364,1.0
313021365,313021572,0.5921669
313021365,313021573,0.4078331
313021366,313021366,1.0
313021367,313021367,1.0
313021368,313021368,1.0
313021369,313021369,1.0
313031370,313031370,1.0
313031371,313031371,1.0
313041372,313041372,1.0
313041373,313041373,1.0
313041374,313041374,1.0
313041375,313041375,1.0
313041376,313041376,1.0
313051377,313051377,1.0
313051378,313051378,1.0
313051379,313051379,1.0
313051380,313051380,1.0
313051542,313051574,0.0311014
313051542,313051575,0.9688986
314011382,314011382,1.0
314011383,314011383,1.0
314011384,314011384,1.0
314011385,314011385,1.0
314011386,314011386,1.0
314011387,314011387,1.0
314021388,314021576,0.149261
314021388,314021577,0.850739
314021389,314021389,1.0
314021390,314021578,0.2798332
314021390,314021579,0.7201668
314031391,314031391,1.0
314031392,314031392,1.0
314031393,314031393,1.0
314031394,314031394,1.0
315011395,315011395,1.0
315011396,315011396,0.9999997
315011396,315021404,3e-07
315011397,315011397,1.0
315011398,315011398,1.0
315011399,315011399,1.0
315011400,315011400,1.0
315011401,315011401,1.0
315011402,315011402,1.0
315011403,315011403,1.0
315021404,315021404,1.0
315021405,315021405,1.0
315021406,315021405,0.0078296
315021406,315021406,0.9921704
315021407,315021407,1.0
315031408,315031408,1.0
315031409,315031409,1.0
315031410,315031410,1.0
315031411,315031411,1.0
315031412,315031412,1.0
316011413,316011413,1.0
316011414,316011414,1.0
316011415,316011415,1.0
316011416,316011416,1.0
316021417,316021417,1.0
316021418,316021418,1.0
316021419,316021419,1.0
316021420,316021424,0.0001909
316021420,316021580,0.3671805
316021420,316021581,0.6326285
316021421,316021421,1.0
316021422,316021422,1.0
316021423,316021423,1.0
316021424,316021424,1.0
316031425,316031425,1.0
316031426,316031426,1.0
316031427,316031427,1.0
316031428,316031428,1.0
316051434,316051434,1.0
316051435,316051435,1.0
316051437,316051437,1.0
316051438,316051438,1.0
316051543,316051543,1.0
316051544,316051544,1.0
316061439,316061439,1.0
316061440,316061440,1.0
316061441,316061441,1.0
316061442,316061442,1.0
316061443,316061443,1.0
316061444,316061444,1.0
316071545,316071545,1.0
316071546,316071546,1.0
316071547,316071547,1.0
316071548,316071548,1.0
316081549,316081549,1.0
317011445,317011445,1.0
317011446,317011446,1.0
317011447,317011447,1.0
317011448,317011448,1.0
317011449,317011449,1.0
317011450,317011450,1.0
317011451,317011451,1.0
317011452,317011452,1.0
317011453,317011453,1.0
317011454,317011454,1.0
317011455,317011455,1.0
317011456,317011456,1.0
317011457,317011457,1.0
317011458,317011458,1.0
317011459,317011459,1.0
318011460,318011460,1.0
318011461,318011461,1.0
318011462,318011462,1.0
318011463,318011463,1.0
318011464,318011464,1.0
318011465,318011465,1.0
318011466,318011466,1.0
318021467,318021467,1.0
318021468,318021468,1.0
318021469,318021469,1.0
318021470,318021470,1.0
318021471,318021471,1.0
318021472,318021472,1.0
318021473,318021582,0.7441595
318021473,318021583,0.2558405
318021474,318021474,1.0
318021475,318021475,1.0
318021476,318021476,1.0
318021477,318021477,1.0
318021478,318021478,1.0
318021479,318021479,1.0
318021480,318021480,1.0
318021481,318021481,1.0
318021482,318021482,1.0
318021483,318021483,1.0
318021484,318021484,1.0
318021485,318021485,1.0
318021486,318021486,1.0
318021487,318021487,1.0
318021488,318021488,1.0
318021489,318021489,1.0
318021490,318021490,1.0
318021491,318021491,1.0
319011492,319011492,1.0
319011493,319011493,1.0
319011494,319011494,1.0
319011495,319011495,1.0
319011496,319011496,1.0
319011497,319011497,1.0
319011498,319011498,1.0
319011499,319011499,1.0
319011500,319011500,1.0
319011501,319011501,1.0
319011502,319011502,1.0
319021503,319021503,1.0
319021504,319021504,1.0
319021505,319021505,1.0
319021506,319021506,1.0
319021507,319021507,1.0
319021508,319021508,1.0
319021509,319021509,1.0
319021510,319021510,1.0
319031511,319031511,1.0
319031512,319031512,1.0
319031513,319031513,1.0
319031514,319031514,1.0
319031515,319031515,1.0
319041516,319041516,1.0
319041517,319041517,1.0
319041518,319041518,1.0
319041519,319041519,1.0
319041520,319041520,1.0
319041521,319041521,1.0
319051522,319051522,1.0
319051523,319051523,1.0
319051524,319051524,1.0
319051525,319051525,1.0
319051526,319051526,1.0
397979799,397979799,1.0
399999499,399999499,1.0
401011001,401011001,1.0
401011002,401011002,1.0
401021003,401021003,1.0
401021004,401021004,1.0
401021005,401021005,1.0
401021006,401021006,1.0
401021007,401021007,1.0
401021008,401021008,1.0
401021009,401021009,1.0
401021010,401021010,1.0
401031011,401031011,1.0
401031012,401031012,1.0
401031013,401031013,1.0
401041014,401041014,1.0
401041015,401041015,1.0
401041016,401041016,1.0
401051017,401051017,1.0
401051018,401051018,1.0
401051019,401051019,1.0
401061020,401061020,1.0
401061021,401061021,1.0
401061022,401061022,1.0
401071023,401071023,1.0
401071024,401071024,1.0
402011025,402011025,1.0
402011026,402011026,1.0
402011027,402011027,1.0
402021028,402021028,1.0
402021029,402021029,1.0
402021030,402021030,1.0
402021031,402021031,1.0
402021032,402021032,1.0
402021033,402021033,1.0
402021034,402021034,1.0
402021035,402021035,1.0
402031036,402031036,1.0
402031037,402031175,0.5863112
402031037,402031176,0.4136888
402031038,402031038,1.0
402041039,402041039,1.0
402041040,402041040,1.0
402041041,402041041,1.0
402041042,402041042,1.0
402041043,402041043,1.0
402041044,402041044,1.0
402041046,402041046,1.0
402041047,402041047,1.0
402041048,402041048,1.0
402041171,402041171,1.0
402041172,402041172,1.0
402051049,402051049,1.0
402051050,402051050,1.0
402051051,402051051,1.0
402051052,402051052,1.0
402051053,402051053,1.0
402051054,402051054,1.0
402051055,402051055,1.0
403011056,403011056,1.0
403011057,403011057,1.0
403021058,403021058,1.0
403021059,403021059,1.0
403021060,403021060,1.0
403021061,403021061,1.0
403021062,403021062,1.0
403021063,403021063,1.0
403021064,403021064,1.0
403031065,403031065,1.0
403031066,403031066,1.0
403031067,403031067,1.0
403031068,403031068,1.0
403031069,403031069,1.0
403031070,403031070,1.0
403041071,403041071,1.0
403041072,403041072,1.0
403041073,403041073,1.0
403041074,403041074,1.0
403041075,403041075,1.0
403041076,403041076,1.0
403041077,403041077,1.0
403041078,403041078,1.0
403041079,403041079,1.0
403041080,403041080,1.0
403041081,403041081,1.0
403041082,403041082,1.0
403041083,403041083,1.0
403041084,403041084,1.0
403041085,403041085,1.0
403041086,403041086,1.0
403041087,403041177,0.5559514
403041087,403041178,0.4440486
403041088,403041088,1.0
403041089,403041089,1.0
404011090,404011090,0.9979007
404011090,404011091,0.0020993
404011091,404011091,1.0
404011092,404011092,1.0
404011093,404011093,1.0
404011094,404011094,1.0
404011095,404011095,1.0
404011096,404011096,1.0
404011097,404011097,1.0
404021098,404021098,1.0
404021099,404021099,1.0
404021100,404021100,1.0
404021101,404021101,1.0
404021102,404021102,1.0
404021103,404021103,1.0
404031104,404031104,1.0
404031105,404031105,1.0
404031106,404031106,1.0
404031107,404031107,1.0
404031108,404031108,1.0
404031109,404031109,1.0
405011110,405011110,1.0
405011111,405011111,1.0
405011112,405011112,1.0
405011113,405011113,1.0
405011114,405011114,1.0
405011115,405011115,1.0
405021116,405021116,1.0
405021117,405021117,1.0
405021118,405021118,1.0
405021119,405021119,1.0
405031120,405031120,1.0
405031121,405031121,1.0
405031122,405031122,1.0
405031123,405031123,1.0
405041124,405041124,1.0
405041125,405041125,1.0
405041126,405041126,1.0
405041127,405041127,1.0
405041128,405041128,1.0
406011129,406011129,1.0
406011130,406011130,1.0
406011131,406011131,1.0
406011132,406011132,1.0
406011133,406011133,1.0
406011134,406011134,1.0
406011135,406011135,1.0
406011136,406011136,1.0
406011137,406011137,1.0
406021138,406021138,1.0
406021139,406021139,1.0
406021140,406021140,1.0
406021141,406021141,1.0
406021142,406021142,1.0
406021143,406021143,1.0
407011144,407011144,1.0
407011145,407011145,1.0
407011146,407011146,1.0
407011147,407011147,1.0
407011148,407011148,1.0
407011149,407011149,1.0
407021150,407021150,1.0
407021151,407021151,1.0
407021152,407021152,1.0
407021154,407021154,1.0
407021155,407021155,1.0
407021156,407021156,1.0
407021157,407021157,1.0
407021158,407021158,1.0
407021173,407021173,1.0
407021174,407021174,1.0
407031159,407031159,1.0
407031160,407031160,1.0
407031161,407031161,1.0
407031162,407031162,1.0
407031163,407031163,1.0
407031164,407031164,1.0
407031165,407031165,1.0
407031166,407031166,1.0
407031167,407031167,1.0
407031168,407031168,1.0
407031169,407031169,1.0
407031170,407031170,1.0
497979799,497979799,1.0
499999499,499999499,1.0
501011001,501011001,1.0
501011002,501011293,0.3286241
501011002,501011294,0.6713759
501011003,501011003,1.0
501011004,501011004,1.0
501021005,501021005,1.0
501021007,501021007,1.0
501021008,501021008,1.0
501021009,501021009,1.0
501021010,501021010,1.0
501021011,501021011,1.0
501021012,501021012,1.0
501021014,501021014,1.0
501021015,501021015,1.0
501021016,501021016,1.0
501021251,501021251,1.0
501021252,501021252,1.0
501021253,501021253,1.0
501021254,501021254,1.0
501031017,501031017,1.0
501031018,501031018,1.0
501031019,501031019,1.0
501031020,501031020,1.0
502011021,502011021,1.0
502011022,502011022,1.0
502011023,502011023,1.0
502011024,502011024,1.0
502011025,502011025,1.0
502011026,502011026,1.0
502011027,502011027,1.0
502011028,502011028,1.0
502011029,502011029,1.0
503011030,503011030,1.0
503011031,503011031,1.0
503011032,503011032,1.0
503011033,503011033,1.0
503011034,503011034,1.0
503011035,503011035,1.0
503011036,503011036,1.0
503021037,503021037,1.0
503021038,503021038,1.0
503021039,503021039,1.0
503021040,503021040,1.0
503021041,503021295,0.3493915
503021041,503021296,0.3560715
503021041,503021297,0.294537
503021042,503021042,1.0
503021043,503021043,1.0
504011044,504011044,1.0
504011045,504011045,1.0
504011046,504011046,1.0
504011047,504011047,1.0
504011048,504011048,1.0
504021049,504021049,1.0
504021050,504021050,1.0
504021051,504021051,1.0
504021052,504021052,1.0
504021053,504021053,1.0
504021054,504021054,1.0
504031055,504031055,1.0
504031056,504031056,1.0
504031057,504031057,1.0
504031058,504031058,1.0
504031059,504031298,0.3300987
504031059,504031299,0.1610479
504031059,504031300,0.5088534
504031060,504031060,1.0
504031061,504031061,1.0
504031062,504031062,1.0
504031063,504031063,1.0
504031064,504031064,1.0
504031065,504031065,1.0
504031066,504031066,1.0
504031067,504031067,1.0
504031068,504031068,1.0
504031069,504031069,1.0
505011070,505011070,1.0
505011071,505011071,1.0
505011072,505011072,1.0
505011073,505011073,1.0
505011074,505011074,1.0
505011075,505011075,1.0
505011076,505011076,1.0
505011077,505011077,1.0
505011078,505011078,1.0
505011079,505011079,1.0
505011080,505011080,1.0
505011081,505011081,1.0
505011082,505011082,1.0
505011083,505011083,1.0
505021084,505021084,1.0
505021085,505021085,1.0
505021086,505021301,0.4800172
505021086,505021302,0.5199828
505021087,505021087,1.0
505021088,505021088,1.0
505021089,505021089,1.0
505021090,505021090,1.0
505021091,505021091,1.0
505021092,505021092,1.0
505021093,505021093,1.0
505021094,505021094,1.0
505021095,505021095,1.0
505021096,505021096,1.0
505021097,505021097,1.0
505031098,505031098,1.0
505031099,505031099,1.0
505031100,505031100,1.0
505031101,505031101,1.0
505031102,505031102,1.0
505031103,505031304,0.4818861
505031103,505031305,0.5181139
505031104,505031104,1.0
505031105,505031105,1.0
505031106,505031099,0.0003169
505031106,505031106,0.9996831
505031107,505031107,1.0
505031108,505031303,0.4470989
505031108,505031306,0.5529011
505031255,505031255,1.0
505031256,505031256,1.0
505031257,505031257,1.0
505031258,505031258,1.0
506011110,506011110,1.0
506011111,506011111,1.0
506011112,506011112,1.0
506011113,506011307,0.4727953
506011113,506011308,0.5272047
506011114,506011114,1.0
506011115,506011115,1.0
506011116,506011116,1.0
506011117,506011117,1.0
506021118,506021118,1.0
506021119,506021119,1.0
506021120,506021120,1.0
506021121,506021121,1.0
506021122,506021309,0.3184433
506021122,506021310,0.2719537
506021122,506021311,0.409603
506021123,506021123,1.0
506031124,506031124,1.0
506031125,506031125,1.0
506031126,506031126,1.0
506031127,506031127,1.0
506031128,506031128,1.0
506031129,506031129,1.0
506031130,506031130,1.0
506031131,506031131,1.0
506041132,506041132,1.0
506041133,506041133,1.0
506041134,506041134,1.0
506041135,506041135,1.0
506041136,506041136,1.0
506041137,506041137,1.0
506051138,506051138,1.0
506051139,506051139,1.0
506051140,506051140,1.0
506051141,506051141,1.0
506061142,506061142,1.0
506061143,506061143,1.0
506061144,506061144,1.0
506071145,506071145,1.0
506071146,506071146,1.0
506071147,506071147,1.0
507011148,507011148,1.0
507011150,507011150,1.0
507011151,507011151,1.0
507011152,507011152,1.0
507011153,507011153,1.0
507011154,507011154,1.0
507011155,507011155,1.0
507011158,507011158,1.0
507011159,507011159,1.0
507011160,507011160,1.0
507011161,507011161,1.0
507011163,507011163,1.0
507011259,507011259,1.0
507011260,507011260,1.0
507021164,507021164,1.0
507021165,507021165,1.0
507021166,507021166,1.0
507021167,507021167,1.0
507031169,507031169,1.0
507031170,507031170,1.0
507031172,507031172,1.0
507031173,507031173,1.0
507031174,507031174,1.0
507031261,507031261,1.0
507041175,507041175,1.0
507041176,507041176,1.0
507041177,507041177,1.0
507041178,507041178,1.0
507041179,507041179,1.0
507041180,507041180,1.0
507041181,507041181,1.0
507041182,507041182,1.0
507041183,507041183,1.0
507041184,507041184,1.0
507051185,507051312,0.2534717
507051185,507051313,0.7052911
507051185,507051314,0.0412372
507051186,507051186,1.0
507051187,507051187,1.0
507051188,507051188,1.0
507051189,507051189,1.0
507051190,507051190,1.0
507051191,507051191,1.0
507051192,507051192,1.0
507051193,507051193,1.0
509011225,509011225,1.0
509011226,509011226,1.0
509011227,509011227,1.0
509011228,509011228,1.0
509011229,509011229,1.0
509011230,509011230,1.0
509011231,509011231,1.0
509011232,509011232,1.0
509011233,509011233,1.0
509011234,509011234,1.0
509011235,509011235,1.0
509021236,509021236,1.0
509021237,509021237,1.0
509021238,509021238,1.0
509021239,509021239,1.0
509021240,509021240,1.0
509021241,509021241,1.0
509021242,509021242,1.0
509021243,509021243,1.0
509021244,509021244,1.0
509021245,509021245,1.0
509031246,509031246,1.0
509031247,509031247,1.0
509031248,509031248,1.0
509031249,509031249,1.0
509031250,509031250,1.0
510011262,510011262,1.0
510011263,510011263,1.0
510011264,510011264,1.0
510011265,510011265,1.0
510011266,510011266,1.0
510021267,510021267,1.0
510021268,510021268,1.0
510021269,510021269,1.0
510021270,510021270,1.0
510031271,510031271,1.0
510031272,510031272,1.0
510031273,510031273,1.0
511011274,511011274,1.0
511011275,511011275,1.0
511021276,511021276,1.0
511021277,511021277,1.0
511031278,511031278,1.0
511031279,511031279,1.0
511031280,511031280,1.0
511031281,511031281,1.0
511031282,511031282,1.0
511031283,511031283,1.0
511031284,511031284,1.0
511041285,511041285,1.0
511041286,511041286,1.0
511041287,511041287,1.0
511041288,511041288,1.0
511041289,511041289,1.0
511041290,511041290,1.0
511041291,511041291,1.0
511041292,511041292,1.0
597979799,597979799,1.0
599999499,599999499,1.0
601011001,601011001,1.0
601011002,601011002,1.0
601011003,601011003,1.0
601021004,601021004,1.0
601021005,601021005,1.0
601021006,601021006,1.0
601021007,601021007,1.0
601021008,601021008,1.0
601021009,601021009,1.0
601021010,601021010,1.0
601021011,601021011,1.0
601021012,601021012,1.0
601031013,601031013,1.0
601031014,601031014,1.0
601031015,601031015,1.0
601031016,601031016,1.0
601031017,601031017,1.0
601031018,601031018,1.0
601031019,601031019,1.0
601031020,601031020,1.0
601031021,601031021,1.0
601041022,601041022,1.0
601041023,601041023,1.0
601041024,601041024,1.0
601041025,601041025,1.0
601041026,601041026,1.0
601051027,601051027,1.0
601051028,601031021,0.000268
601051028,601051028,0.999732
601051029,601051029,1.0
601051030,601051028,0.0104376
601051030,601051030,0.9895624
601051031,601051031,1.0
601051032,601051032,1.0
601051033,601051033,1.0
601061034,601061034,1.0
601061035,601061035,1.0
602011036,602011036,1.0
602011037,602011037,1.0
602011038,602011038,1.0
602011039,602011039,1.0
602011040,602011040,1.0
602011041,602011041,1.0
602011042,602011042,1.0
602011043,602011043,1.0
602011044,602011044,1.0
602011045,602011045,1.0
602011046,602011046,1.0
602011047,602011047,1.0
602011048,602011048,1.0
602011049,602011049,1.0
602011050,602011050,1.0
602011051,602011051,1.0
602011052,602011052,1.0
602021053,602021053,1.0
602021054,602021054,1.0
602021055,602021055,1.0
602021056,602021056,1.0
602021057,602021057,1.0
602031058,602031058,1.0
602031059,602031059,1.0
602031060,602031060,1.0
602031061,602031061,1.0
602031062,602031062,1.0
602031064,602031064,1.0
602031099,602031099,1.0
602031100,602031100,1.0
603011065,603011065,1.0
603011066,603011066,1.0
603011067,603011067,1.0
603011068,603011068,1.0
603021069,603021069,1.0
603021070,603021070,1.0
603021071,603021071,1.0
603021072,603021072,1.0
603031073,603031073,1.0
603031074,603031074,1.0
604011075,604011075,1.0
604011076,604011076,1.0
604011077,604011077,1.0
604011078,604011078,1.0
604011079,604011079,1.0
604011080,604011080,1.0
604011081,604011081,1.0
604011082,604011082,1.0
604011083,604011083,1.0
604011084,604011084,1.0
604021085,604021085,1.0
604021086,604021086,1.0
604021087,604021087,1.0
604021088,604021088,1.0
604021089,604021089,1.0
604021090,604021090,1.0
604021091,604021091,1.0
604021092,604021092,1.0
604031093,604031093,1.0
604031094,604031094,0.9999992
604031095,604031095,1.0
604031096,604031096,1.0
604031097,604031097,1.0
604031098,604031098,1.0
697979799,697979799,1.0
699999499,699999499,1.0
701011001,701011001,1.0
701011002,701011002,1.0
701011003,701011003,1.0
701011004,701011004,1.0
701011005,701011005,1.0
701011006,701011006,1.0
701011007,701011007,1.0
701011008,701011008,1.0
701011009,701011009,1.0
701021010,701021010,1.0
701021011,701021011,1.0
701021012,701021012,1.0
701021013,701021013,1.0
701021014,701021014,1.0
701021015,701021015,1.0
701021016,701021016,1.0
701021017,701021017,1.0
701021018,701021018,1.0
701021019,701021019,1.0
701021020,701021020,1.0
701021021,701021021,1.0
701021022,701021022,1.0
701021023,701021023,1.0
701021024,701021024,1.0
701021025,701021025,1.0
701021026,701021026,1.0
701021027,701021027,1.0
701021028,701021028,1.0
701021029,701021029,1.0
701021030,701021030,1.0
701031031,701031031,1.0
701031032,701031032,1.0
701031033,701031033,1.0
701031034,701031034,1.0
701031035,701031035,1.0
701041036,701041036,1.0
701041037,701041037,1.0
701041038,701041038,1.0
701041039,701041039,1.0
701041040,701041040,1.0
701041041,701041041,1.0
701041042,701041042,1.0
701041043,701041043,1.0
701041044,701041044,1.0
702011045,702011045,1.0
702011046,702011046,1.0
702011047,702011047,1.0
702011048,702011048,1.0
702011049,702011049,1.0
702011050,702011050,1.0
702011051,702011051,1.0
702011052,702011052,1.0
702011053,702011053,1.0
702011054,702011054,1.0
702021055,702021055,1.0
702021056,702021056,1.0
702031057,702031057,1.0
702031058,702031058,1.0
702031059,702031059,1.0
702031060,702031060,1.0
702031061,702031061,1.0
702041062,702041062,1.0
702041063,702041063,1.0
702041064,702041064,1.0
702051065,702051065,1.0
702051066,702051066,1.0
702051067,702051067,1.0
702051068,702051068,1.0
797979799,797979799,1.0
799999499,799999499,1.0
801011001,801011001,1.0
801011002,801011002,1.0
801011003,801011003,1.0
801011004,801011004,1.0
801011005,801011005,1.0
801011006,801011006,1.0
801011007,801011007,1.0
801011008,801011008,1.0
801011009,801011009,1.0
801011010,801011010,1.0
801011011,801011011,1.0
801011012,801011012,1.0
801011013,801011013,1.0
801011014,801011014,1.0
801011015,801011015,1.0
801011016,801011016,1.0
801011017,801011017,1.0
801011018,801011018,1.0
801011019,801011019,1.0
801011020,801011020,1.0
801011021,801011021,1.0
801011022,801011022,1.0
801011023,801011023,1.0
801011024,801011024,1.0
801011025,801011025,1.0
801011026,801011026,1.0
801011111,801011111,1.0
801011112,801011142,0.0666664
801011112,801011143,0.8
801011112,801011144,0.1333336
801031031,801031031,1.0
801031032,801031032,1.0
801031113,801031113,1.0
801031114,801031114,1.0
801031115,801031115,1.0
801041034,801041034,1.0
801041035,801041035,1.0
801041036,801041036,1.0
801041037,801041037,1.0
801041038,801041038,1.0
801041039,801041039,1.0
801041040,801041040,1.0
801041043,801041043,1.0
801041044,801041044,1.0
801041045,801041045,1.0
801041046,801041046,1.0
801041047,801041047,1.0
801041048,801041048,1.0
801041116,801041116,1.0
801041117,801041117,1.7e-06
801041117,801041121,0.9999983
801041118,801041118,1.0
801041119,801041119,1.0
801041120,801041120,1.0
801041121,801041121,1.0
801041122,801041122,1.0
801051049,801051049,1.0
801051050,801051050,1.0
801051051,801051051,1.0
801051053,801051053,1.0
801051054,801051054,1.0
801051055,801051055,1.0
801051056,801051056,1.0
801051057,801051057,1.0
801051058,801051058,1.0
801051060,801051060,1.0
801051061,801051061,1.0
801051123,801051123,1.0
801051124,801051124,1.0
801051125,801051125,1.0
801051126,801051126,1.0
801051127,801051127,1.0
801051128,801051128,1.0
801061062,801061062,1.0
801061063,801061063,1.0
801061064,801061064,1.0
801061066,801061066,1.0
801061067,801061067,1.0
801061068,801061068,1.0
801061069,801061069,1.0
801061070,801061070,1.0
801061129,801061129,1.0
801061130,801061130,1.0
801061131,801061131,1.0
801071071,801071071,1.0
801071072,801071072,1.0
801071073,801071073,1.0
801071074,801071074,1.0
801071075,801071075,1.0
801071076,801071076,1.0
801071077,801071077,1.0
801071078,801071078,1.0
801071079,801071079,1.0
801071080,801071080,1.0
801071081,801071081,1.0
801071082,801071082,1.0
801071083,801071083,1.0
801071084,801071084,1.0
801071085,801071085,1.0
801071086,801071086,1.0
801071087,801071087,1.0
801071088,801071088,1.0
801071089,801071089,1.0
801071090,801071090,1.0
801071132,801071132,1.0
801081091,801081091,1.0
801081092,801081092,1.0
801081093,801081093,1.0
801081094,801081094,1.0
801081095,801081095,1.0
801081096,801081096,1.0
801081097,801081097,1.0
801081098,801081098,1.0
801081133,801081133,1.0
801091099,801091099,1.0
801091100,801091100,1.0
801091101,801091101,1.0
801091102,801091102,1.0
801091103,801091103,1.0
801091104,801091104,1.0
801091105,801091105,1.0
801091106,801091106,1.0
801091107,801091107,1.0
801091108,801091108,1.0
801091109,801091109,1.0
801091110,801091110,1.0
801101134,801101134,1.0
801101135,801101135,1.0
801101136,801101136,1.0
801101137,801101137,1.0
801101138,801101145,0.3157892
801101138,801101146,0.6842108
801101139,801101139,1.0
801111140,801111140,1.0
801111141,801111141,1.0
897979799,897979799,1.0
899999499,899999499,1.0
901011001,901011001,1.0
901021002,901021002,1.0
901031003,901031003,1.0
901041004,901041004,1.0
997979799,997979799,1.0
999999499,999999499,1.0
